size,bloom,implementation,metric,n,median,mean,min,max,stddev,p90
256x256,False,python,fresh_process_ms,3,551.3933119982539,551.8363033327963,546.8914709999808,557.2241270001541,5.180552672865999,556.0579639997741
256x256,False,python,total_ms,5,62.396713999987696,62.75384780019522,61.27369500063651,65.46703100138984,1.5872893033165523,64.24074500064307
256x256,False,python,load_ms,5,3.4964259994012536,3.540298800362507,3.3282410022366093,3.7832770012755645,0.16874521061078185,3.7137906005227705
256x256,False,python,conversion_ms,5,54.85631200099306,55.16708980067051,54.018925005948404,57.449795998763875,1.3226619079956459,56.42321079831163
256x256,False,python,write_ms,5,3.8690009987476515,3.9246368000021903,3.8159960004122695,4.108592000193312,0.12616443775131236,4.065412000272772
256x256,False,python,overhead_ms,5,0.11876899952767417,0.12182239916000981,0.10648999887052923,0.1479540042055305,0.0163345826275056,0.13891880298615433
256x256,False,python,pipeline_ms,5,54.85631200099306,55.16708980067051,54.018925005948404,57.449795998763875,1.3226619079956459,56.42321079831163
256x256,False,python,peak_rss_mib,5,103.1328125,103.1328125,103.1328125,103.1328125,0.0,103.1328125
256x256,False,python,stage:luminance,5,0.57221200040658,0.582243999815546,0.5445419992611278,0.6274560000747442,0.032353274231414236,0.6169043997942936
256x256,False,python,stage:dog,5,1.8754459997580852,1.919314200131339,1.8534570008341689,2.0976059986423934,0.10081539841098186,2.017090399385779
256x256,False,python,stage:sobel,5,0.7868030006648041,0.8098502003122121,0.7848100012779469,0.8859970002959017,0.04354608065742673,0.8542609997675754
256x256,False,python,stage:magnitude,5,0.14916600048309192,0.15127000006032176,0.14682000073662493,0.15791700025147293,0.004403239036534121,0.15609459987899754
256x256,False,python,stage:angles,5,0.321241001074668,0.31797040028322954,0.297278000289225,0.32903000101214275,0.012859332040358969,0.3284088001237251
256x256,False,python,stage:direction_quantization,5,42.983586001355434,43.295608200423885,42.367264000858995,45.20807700100704,1.103984690718604,44.359698600601405
256x256,False,python,stage:edge_voting,5,4.963964000125998,4.974309599856497,4.8991880012181355,5.039846999352449,0.059338345597088,5.035145399233443
256x256,False,python,stage:edge_render,5,0.822936000986374,0.8152435999363661,0.7920299995021196,0.8292149996123044,0.015282679322537398,0.8272805996966781
256x256,False,python,stage:fill_downsample,5,0.22286499915935565,0.22026160004315898,0.21456200011016335,0.2247060001536738,0.004763799771056964,0.2242296002805233
256x256,False,python,stage:fill_quantization,5,0.009131999831879511,0.009302599937655032,0.008805000106804073,0.010166999345528893,0.0005345671293854521,0.009871399743133225
256x256,False,python,stage:fill_render,5,0.8237309994001407,0.8267274002719205,0.8075810001173522,0.8509260005666874,0.01614030170409517,0.8433460003288928
256x256,False,python,stage:combine,5,1.2457289994927123,1.2449879995983792,1.222404000145616,1.260381999600213,0.01425971356050311,1.2574115993629675
256x256,False,cuda,fresh_process_ms,3,223.84355300164316,225.4745190008786,222.72858600081236,229.85141800018027,3.831281964408445,228.64984500047285
256x256,False,cuda,total_ms,5,2.590326,3.3568337994,2.557396,6.284212999,1.639037573584681,4.883722198600001
256x256,False,cuda,load_ms,5,1.041116999,1.0400715994,1.026901999,1.051233999,0.010556761640313833,1.0503811997999999
256x256,False,cuda,conversion_ms,5,0.330548001,0.3661988,0.317921,0.517894,0.08541814923039188,0.4483591996
256x256,False,cuda,write_ms,5,1.197102001,1.9501232002,1.185285999,4.938686,1.6707524901254673,3.4563052
256x256,False,cuda,overhead_ms,5,0.000358999,0.0004401998,0.000337999,0.000704,0.00015322465239216566,0.0006004004
256x256,False,cuda,pipeline_ms,5,0.118784003,0.1200128018,0.116736002,0.126975998,0.004057416349156778,0.1241088
256x256,False,cuda,peak_rss_mib,5,179.1875,179.1875,179.1875,179.1875,0.0,179.1875
256x256,False,cuda,device_buffer_mib,5,1.82208252,1.82208252,1.82208252,1.82208252,0.0,1.82208252
256x256,False,cuda,stage:luminance,3,0.009216,0.010239999999999999,0.008192,0.013312,0.0027092493425301405,0.0124928
256x256,False,cuda,stage:gaussian_narrow,3,0.026815999,0.027135999666666667,0.026656,0.027936,0.0006974240603824426,0.027711999799999998
256x256,False,cuda,stage:gaussian_wide,3,0.028672,0.028416000333333333,0.02784,0.028736001,0.0004998562993504567,0.0287232008
256x256,False,cuda,stage:dog_threshold,3,0.003072,0.0034133333333333333,0.003072,0.004096,0.0005912066756501766,0.0038912
256x256,False,cuda,stage:sobel_directions,3,0.009312,0.009589333333333333,0.009216,0.01024,0.0005655345553839602,0.010054400000000002
256x256,False,cuda,stage:cell_voting_and_fill,3,0.01024,0.009898666666666667,0.009216,0.01024,0.0005912066756501771,0.01024
256x256,False,cuda,stage:bloom_bright_pass,3,0.0,0.0,0.0,0.0,0.0,0.0
256x256,False,cuda,stage:bloom_blur,3,0.0,0.0,0.0,0.0,0.0,0.0
256x256,False,cuda,stage:render_and_combine,3,0.006144,0.006144,0.006144,0.006144,0.0,0.006144
256x256,False,cuda,stage:normalize_and_encode,3,0.013312,0.012970666666666667,0.012288,0.013312,0.0005912066756501762,0.013312
256x256,True,python,fresh_process_ms,3,748.0147210007999,733.4111800003787,694.3075429990131,757.9112760013231,34.22435200658331,755.9319650012185
256x256,True,python,total_ms,5,100.75746000075014,100.74592720011424,95.32041000056779,108.4499689986842,5.224027569401193,106.10201339914056
256x256,True,python,load_ms,5,4.420120998474886,4.402743199898396,4.161880002357066,4.643141997803468,0.1775263813547016,4.571615198801737
256x256,True,python,conversion_ms,5,89.49848100019153,89.36141779704485,83.99937299691373,97.22969199538056,5.118868061951054,94.47622879561095
256x256,True,python,write_ms,5,6.603271000130917,6.822055999873555,6.5404500001022825,7.613018999109045,0.4518440613569777,7.280131799780065
256x256,True,python,overhead_ms,5,0.15392999921459705,0.15971020329743624,0.13744500574830454,0.1968850046978332,0.022122578971412832,0.18081180460285395
256x256,True,python,pipeline_ms,5,89.49848100019153,89.36141779704485,83.99937299691373,97.22969199538056,5.118868061951054,94.47622879561095
256x256,True,python,peak_rss_mib,5,102.83984375,102.83984375,102.83984375,102.83984375,0.0,102.83984375
256x256,True,python,stage:luminance,5,0.7938639992062235,0.8013911996386014,0.7864020008128136,0.82042399844795,0.017185904330344965,0.8200299987947801
256x256,True,python,stage:dog,5,2.339378999749897,2.3046989997965284,2.1537899992836174,2.3814129999664146,0.0931701835700631,2.376698599982774
256x256,True,python,stage:sobel,5,0.9974710010283161,1.1420331997214817,0.9181440000247676,1.8194519998360192,0.38038391278039374,1.4961415992729599
256x256,True,python,stage:magnitude,5,0.1888860006147297,0.21854459992027842,0.17456199930165894,0.355293999746209,0.07669179729046768,0.28925959995831363
256x256,True,python,stage:angles,5,0.39527599983557593,0.4418167991389055,0.3268269992986461,0.7045309994282434,0.15070740382908698,0.5895017991861096
256x256,True,python,stage:direction_quantization,5,57.70650800150179,56.91271360083192,51.73795200062159,63.31561099977989,4.415055815274346,61.12576740015356
256x256,True,python,stage:edge_voting,5,6.552636999913375,6.528613599948585,6.188359999214299,6.809939999584458,0.24417276900644244,6.762615999832633
256x256,True,python,stage:edge_render,5,0.9906440009217476,1.0084376004670048,0.9891740010061767,1.041538000208675,0.025878562483242506,1.0375159999966854
256x256,True,python,stage:bloom_blur,5,17.04583899845602,17.048602199429297,16.755994998675305,17.24034099970595,0.19726201486774686,17.231606599671068
256x256,True,python,stage:fill_downsample,5,0.2626349996717181,0.29521599972213153,0.24772399956418667,0.43379899943829514,0.07802919090068883,0.36976539995521307
256x256,True,python,stage:fill_quantization,5,0.018974000340676866,0.019297000108053908,0.013523000234272331,0.028685999495792203,0.006306016491295649,0.025873200138448738
256x256,True,python,stage:fill_render,5,0.9676939989731181,0.9898457992676413,0.9535439985484118,1.0454729999764822,0.0434541093527867,1.0383369997725822
256x256,True,python,stage:combine,5,1.5257979994203197,1.5830535998247797,1.5154390002862783,1.7801560006773798,0.11280181426734566,1.698143199973856
256x256,True,python,stage:bloom_add,5,0.06991899863351136,0.06715359922964126,0.0541239987796871,0.07450399971276056,0.007795320163470638,0.07291479960258584
256x256,True,cuda,fresh_process_ms,3,264.34193199929723,264.08693599963345,255.60993699946266,272.3089390001405,8.352420857125448,270.71553759997187
256x256,True,cuda,total_ms,5,4.140929,4.8309107996,4.065709999,7.413412999,1.4490776932441145,6.206294199
256x256,True,cuda,load_ms,5,1.018099999,1.0055759994,0.933852999,1.036144,0.04081478650495431,1.0308456
256x256,True,cuda,conversion_ms,5,0.635788001,0.6915580008,0.592050001,0.859841,0.11178250013020147,0.8161038004
256x256,True,cuda,write_ms,5,2.518506,3.133224,2.495437,5.626139,1.3936285166508686,4.3850634
256x256,True,cuda,overhead_ms,5,0.000628,0.0005527994,0.000383999,0.000631999,0.00011279718613644579,0.000631999
256x256,True,cuda,pipeline_ms,5,0.307200015,0.3110080066,0.306048006,0.318271995,0.006232196496264729,0.317900801
256x256,True,cuda,peak_rss_mib,5,179.5234375,179.5234375,179.5234375,179.5234375,0.0,179.5234375
256x256,True,cuda,device_buffer_mib,5,2.07208252,2.07208252,2.07208252,2.07208252,0.0,2.07208252
256x256,True,cuda,stage:luminance,3,0.018432001,0.020479999999999998,0.017408,0.025599999,0.00446351171523062,0.0241663994
256x256,True,cuda,stage:gaussian_narrow,3,0.029696001,0.03282133366666667,0.029696001,0.039071999,0.005413234969221394,0.0371967994
256x256,True,cuda,stage:gaussian_wide,3,0.029759999,0.031114667,0.029696001,0.033888001,0.0024019908498302,0.0330624006
256x256,True,cuda,stage:dog_threshold,3,0.0032,0.0037973333333333336,0.003072,0.00512,0.0011472494642985605,0.004736000000000001
256x256,True,cuda,stage:sobel_directions,3,0.009216,0.009898666666666667,0.009216,0.011264,0.0011824133513003532,0.0108544
256x256,True,cuda,stage:cell_voting_and_fill,3,0.01024,0.01024,0.01024,0.01024,0.0,0.01024
256x256,True,cuda,stage:bloom_bright_pass,3,0.004096,0.004096,0.004096,0.004096,0.0,0.004096
256x256,True,cuda,stage:bloom_blur,3,0.211007997,0.21070933333333333,0.209151998,0.211968005,0.0014315634269400394,0.2117760034
256x256,True,cuda,stage:render_and_combine,3,0.008192,0.007562666666666666,0.006144,0.008352,0.0012312032055405528,0.00832
256x256,True,cuda,stage:normalize_and_encode,3,0.012288,0.012288,0.012288,0.012288,0.0,0.012288
512x512,False,python,fresh_process_ms,3,739.2472270003054,749.5472529996429,730.0885909990029,779.3059409996204,26.175461542465502,771.2941981997574
512x512,False,python,total_ms,5,228.30021499976283,228.48573379997106,224.03477399893745,234.90606999985175,4.114418831005505,232.6171840002644
512x512,False,python,load_ms,5,11.430933000156074,11.494421399765997,11.339522998241591,11.676107998937368,0.14543553387127098,11.653573599323863
512x512,False,python,conversion_ms,5,202.88458300274215,203.30449679895537,198.76707699586404,209.3203009953868,3.9340709845867,207.2951137964992
512x512,False,python,write_ms,5,13.638620999699924,13.526309200096875,13.217884999903617,13.740030000917614,0.23497586461222825,13.724386800458888
512x512,False,python,overhead_ms,5,0.1610040017112624,0.16050640115281567,0.1531569996586768,0.16963100460998248,0.006107062625261133,0.16637900371279102
512x512,False,python,pipeline_ms,5,202.88458300274215,203.30449679895537,198.76707699586404,209.3203009953868,3.9340709845867,207.2951137964992
512x512,False,python,peak_rss_mib,5,114.828125,114.82109375,114.80078125,114.828125,0.011848242881330547,114.828125
512x512,False,python,stage:luminance,5,1.7957239997485885,1.840794799863943,1.7892529995151563,2.0149209994997364,0.09771685768566964,1.93358660035301
512x512,False,python,stage:dog,5,7.455541999661364,7.501009599582176,7.292929998584441,7.732922000286635,0.17005580954760827,7.680588400398847
512x512,False,python,stage:sobel,5,3.335041999889654,3.3506303996546194,3.258222999647842,3.4446669997123536,0.07181640463851909,3.4250965996761806
512x512,False,python,stage:magnitude,5,0.5970530000922736,0.587403199824621,0.5394669988163514,0.6427979988075094,0.040436740104357764,0.6258651996176923
512x512,False,python,stage:angles,5,1.28707600015332,1.2850152001192328,1.262366000446491,1.3024899999436457,0.014540892905729753,1.297332799731521
512x512,False,python,stage:direction_quantization,5,159.6769649986527,160.36430159947486,156.34753799895407,165.6954259997292,3.4657429367915067,163.91264679987216
512x512,False,python,stage:edge_voting,5,16.059647001384292,16.109308399973088,15.726010999060236,16.740507999202237,0.3830177933154161,16.48773959968821
512x512,False,python,stage:edge_render,5,3.0728889996680664,3.0510151998896617,2.962639000543277,3.1133360007515876,0.058875991586928016,3.100851200360921
512x512,False,python,stage:fill_downsample,5,0.9773299989319639,1.0077301994897425,0.9634950001782272,1.1058540003432427,0.05939850224966628,1.0722127997723874
512x512,False,python,stage:fill_quantization,5,0.016340000001946464,0.015411800268338993,0.01343500116490759,0.016852000044309534,0.0015460057000517033,0.01665719937591348
512x512,False,python,stage:fill_render,5,3.5313259995746193,3.555075600161217,3.4815729995898437,3.6988350002502557,0.08489665020374479,3.6414738002349623
512x512,False,python,stage:combine,5,4.625636000127997,4.636800800653873,4.567429999951855,4.749015000925283,0.06926644642046606,4.707429401241825
512x512,False,cuda,fresh_process_ms,3,235.57813600018562,233.4053556666428,210.4254400001082,254.2124909996346,21.974239226698025,250.4856199997448
512x512,False,cuda,total_ms,5,8.852637,8.7704957998,8.289331,9.458923999,0.48568696698046054,9.248794399
512x512,False,cuda,load_ms,5,3.529917,3.6283950002,3.291715002,4.227631999,0.35380840162466665,3.9753683993999998
512x512,False,cuda,conversion_ms,5,1.116032001,1.0948680004,0.981001001,1.144103,0.06486023486041738,1.1349994
512x512,False,cuda,write_ms,5,4.11421,4.046363600399999,3.840783,4.214294,0.17194428591081576,4.1995540008
512x512,False,cuda,overhead_ms,5,0.000988999,0.0008691992,0.000465,0.001172999,0.00029274220382479875,0.001123799
512x512,False,cuda,pipeline_ms,5,0.273407996,0.2736128032,0.270336002,0.275456011,0.0020985797620430516,0.275456011
512x512,False,cuda,peak_rss_mib,5,181.65234375,181.65234375,181.65234375,181.65234375,0.0,181.65234375
512x512,False,cuda,device_buffer_mib,5,7.280090332,7.280090332,7.280090332,7.280090332,0.0,7.280090332
512x512,False,cuda,stage:luminance,3,0.016384,0.015701332999999998,0.01024,0.020479999,0.005154019844225184,0.0196607992
512x512,False,cuda,stage:gaussian_narrow,3,0.055296,0.055978666999999996,0.055296,0.057344001,0.0011824139286506232,0.0569344008
512x512,False,cuda,stage:gaussian_wide,3,0.067584001,0.06736000166666667,0.066912003,0.067584001,0.00038797822619489417,0.067584001
512x512,False,cuda,stage:dog_threshold,3,0.01024,0.010581333333333333,0.01024,0.011264,0.0005912066756501762,0.0110592
512x512,False,cuda,stage:sobel_directions,3,0.024576001,0.024234667666666668,0.023552001,0.024576001,0.0005912066756501771,0.024576001
512x512,False,cuda,stage:cell_voting_and_fill,3,0.01024,0.01024,0.01024,0.01024,0.0,0.01024
512x512,False,cuda,stage:bloom_bright_pass,3,0.0,0.0,0.0,0.0,0.0,0.0
512x512,False,cuda,stage:bloom_blur,3,0.0,0.0,0.0,0.0,0.0,0.0
512x512,False,cuda,stage:render_and_combine,3,0.014336,0.014336,0.014336,0.014336,0.0,0.014336
512x512,False,cuda,stage:normalize_and_encode,3,0.028672,0.028672,0.028672,0.028672,0.0,0.028672
512x512,True,python,fresh_process_ms,3,810.3205520001211,817.8830863337984,804.8628979995556,838.4658090017183,18.0328270416996,832.8367576013989
512x512,True,python,total_ms,5,345.59314400030416,342.21489140036283,318.7062600009085,362.8672850009025,19.34124199555874,360.86185300046054
512x512,True,python,load_ms,5,13.398239001617185,13.331791200107546,12.370815000394941,13.96604900037346,0.6165096122721931,13.876218600125867
512x512,True,python,conversion_ms,5,307.4421580040507,305.1551852004195,283.4962840024673,326.520366998011,18.65138869209025,323.63337539864006
512x512,True,python,write_ms,5,23.41363900086435,23.40028760008863,22.555677000127616,24.292326999784564,0.7976444438367218,24.210940999546438
512x512,True,python,overhead_ms,5,0.2977460007969057,0.3276273997471435,0.2834839979186654,0.4438150026544463,0.06638495671414121,0.39454940051655285
512x512,True,python,pipeline_ms,5,307.4421580040507,305.1551852004195,283.4962840024673,326.520366998011,18.65138869209025,323.63337539864006
512x512,True,python,peak_rss_mib,5,117.53125,117.52890625,117.51953125,117.53125,0.005240784322265132,117.53125
512x512,True,python,stage:luminance,5,2.036440000665607,2.0028554001328303,1.8634970001585316,2.054362001217669,0.07869326794409208,2.0473904005484655
512x512,True,python,stage:dog,5,8.95055399996636,8.627108200016664,7.398177000141004,9.265392000088468,0.7500312387561308,9.187516800011508
512x512,True,python,stage:sobel,5,3.561232000720338,3.6466034001932712,3.192084001057083,4.214635999232996,0.38174156203610915,4.042439999466296
512x512,True,python,stage:magnitude,5,0.6675780005025445,0.6849951998447068,0.6253949995880248,0.8261910006694961,0.082039288411412,0.7661313997232355
512x512,True,python,stage:angles,5,1.103840999348904,1.1547705998964375,1.0466339990671258,1.3759640005446272,0.13025122370418,1.2898064003820764
512x512,True,python,stage:direction_quantization,5,192.29202900169184,193.11774720008543,179.47954400005983,208.88345399907848,11.839731754531234,205.47440519912925
512x512,True,python,stage:edge_voting,5,20.08481099983328,20.162336399880587,18.803005999870948,21.39385900045454,1.067841161689314,21.248208199904184
512x512,True,python,stage:edge_render,5,3.8504269996337825,3.916642800322734,3.5963219997938722,4.343355001765303,0.31963780968558825,4.262120601197239
512x512,True,python,stage:bloom_blur,5,60.97306599986041,60.83698100010224,54.83444499986945,66.73167200096941,5.211147986085122,66.10774560067512
512x512,True,python,stage:fill_downsample,5,0.9805030003917636,0.9664056000474375,0.8667929996590829,1.0467299998708768,0.06529951992066609,1.021765199766378
512x512,True,python,stage:fill_quantization,5,0.020283001504139975,0.022369400539901108,0.019679000615724362,0.029368000468821265,0.004045977988822005,0.02656600008776877
512x512,True,python,stage:fill_render,5,3.9319739989878144,3.921789200103376,3.703813999891281,4.164760999628925,0.18209522212273957,4.105581400290248
512x512,True,python,stage:combine,5,5.814517999169766,5.8469353993132245,5.267990998618188,6.499713999801315,0.5092377341996204,6.378396799846087
512x512,True,python,stage:bloom_add,5,0.24770900017756503,0.2476453999406658,0.22074799926485866,0.27447899992694147,0.02437161266930166,0.27238219990977086
512x512,True,cuda,fresh_process_ms,3,252.3496849989897,264.93353866620356,250.20899300034216,292.2419379992789,23.673976137508024,284.26348739922105
512x512,True,cuda,total_ms,5,17.812461,17.8951258006,17.386267001,18.411707001,0.39400405827973817,18.3027778006
512x512,True,cuda,load_ms,5,4.373520998,4.414061,4.180891,4.683037,0.19868127279868864,4.6249946004
512x512,True,cuda,conversion_ms,5,2.175642999,2.2614202,2.083529001,2.451053001,0.17041711392378114,2.4454786002
512x512,True,cuda,write_ms,5,11.278123001,11.2185548002,10.410021001,11.667859001,0.5138299785624992,11.6583554002
512x512,True,cuda,overhead_ms,5,0.001058001,0.0010898,0.000956999,0.001197999,0.00010464545857800041,0.0011967994
512x512,True,cuda,pipeline_ms,5,1.164288044,1.2649792194,1.163104057,1.448959947,0.14037128955879466,1.4231551886
512x512,True,cuda,peak_rss_mib,5,181.28125,181.28125,181.28125,181.28125,0.0,181.28125
512x512,True,cuda,device_buffer_mib,5,8.280090332,8.280090332,8.280090332,8.280090332,0.0,8.280090332
512x512,True,cuda,stage:luminance,3,0.013312,0.014677333666666667,0.012288,0.018432001,0.0032917000300756952,0.0174080008
512x512,True,cuda,stage:gaussian_narrow,3,0.058368001,0.05846400066666667,0.058368001,0.058656,0.00016627630017634136,0.0585984002
512x512,True,cuda,stage:gaussian_wide,3,0.071680002,0.07133866866666667,0.070656002,0.071680002,0.0005912066756501831,0.071680002
512x512,True,cuda,stage:dog_threshold,3,0.011264,0.010922666666666667,0.01024,0.011264,0.0005912066756501762,0.011264
512x512,True,cuda,stage:sobel_directions,3,0.025599999,0.025599999,0.025599999,0.025599999,0.0,0.025599999
512x512,True,cuda,stage:cell_voting_and_fill,3,0.01024,0.010581333333333333,0.01024,0.011264,0.0005912066756501762,0.0110592
512x512,True,cuda,stage:bloom_bright_pass,3,0.01024,0.009994666666666667,0.009504,0.01024,0.0004249297981235649,0.01024
512x512,True,cuda,stage:bloom_blur,3,0.73318398,0.7335253159999999,0.73318398,0.734207988,0.0005912112944523422,0.7340031864
512x512,True,cuda,stage:render_and_combine,3,0.016384,0.016138666666666666,0.015648,0.016384,0.0004249297981235649,0.016384
512x512,True,cuda,stage:normalize_and_encode,3,0.029696001,0.029354667333333334,0.028672,0.029696001,0.0005912072530004461,0.029696001
812x812,False,python,fresh_process_ms,3,1009.7174160000577,1005.0749770004282,994.930294000369,1010.5772210008581,8.796065088357338,1010.405260000698
812x812,False,python,total_ms,5,523.8990889993147,530.8447425995837,520.5325329989137,558.8795200001186,16.143522671977422,547.3831883999082
812x812,False,python,load_ms,5,25.494579998849076,25.893591999920318,25.075851001020055,27.408261001255596,0.9415592766752576,26.91708020065562
812x812,False,python,conversion_ms,5,469.35759000189137,474.7420702009549,464.60537299753923,499.417782000819,14.320483095568727,489.45477760207723
812x812,False,python,write_ms,5,29.11004999987199,29.668385200420744,28.512662000139244,31.487775000641705,1.2172972741564239,31.016670600729412
812x812,False,python,overhead_ms,5,0.5355360008252319,0.5406951982877217,0.5266859952826053,0.5657019974023569,0.014916645635706877,0.5559391982387751
812x812,False,python,pipeline_ms,5,469.35759000189137,474.7420702009549,464.60537299753923,499.417782000819,14.320483095568727,489.45477760207723
812x812,False,python,peak_rss_mib,5,138.94140625,138.94375,138.9296875,138.9609375,0.011253797102256198,138.9546875
812x812,False,python,stage:luminance,5,5.117294000228867,5.141645999901812,4.786977000549086,5.5780169986974215,0.2825646346547545,5.400595399623853
812x812,False,python,stage:dog,5,15.867366000748007,16.172339000331704,15.554335999695468,17.508406001070398,0.7882363263037871,16.997165600696462
812x812,False,python,stage:sobel,5,5.717235999327386,5.767098799333326,5.539254998438992,6.187764998685452,0.24734305605202841,6.006746999264578
812x812,False,python,stage:magnitude,5,1.468567999836523,1.466477200301597,1.3893880004616221,1.5197520006040577,0.05490086018562244,1.5183692004939076
812x812,False,python,stage:angles,5,3.0169900001055794,3.08050200001162,2.99872100003995,3.3245719987462508,0.13860761774120486,3.218773999469704
812x812,False,python,stage:direction_quantization,5,373.25071900158946,378.4502150007029,370.1064060005592,401.8996350005182,13.396191402581316,391.8724210005166
812x812,False,python,stage:edge_voting,5,36.10352899886493,36.074673799885204,35.62664300079632,36.59005099871138,0.34870950606905116,36.39882179959386
812x812,False,python,stage:edge_render,5,7.4465640009293566,7.477680800366215,7.389798000076553,7.6087130000814795,0.09023584045445888,7.57693539999309
812x812,False,python,stage:fill_downsample,5,2.3706400006631156,2.3371620001853444,2.1910119994572597,2.40558699988469,0.0846722067579214,2.3936150002555223
812x812,False,python,stage:fill_quantization,5,0.030548000722774304,0.03136980012641288,0.028307998945820145,0.03606999962357804,0.003137510147407608,0.03476959973340854
812x812,False,python,stage:fill_render,5,7.844425999792293,7.927610400292906,7.724989000053029,8.250113000030979,0.20417261540624154,8.147345800171024
812x812,False,python,stage:combine,5,10.78437800060783,10.81529539951589,10.606090998408035,11.166114998559351,0.2151926946049183,11.03372459874663
812x812,False,cuda,fresh_process_ms,3,269.64286899965373,268.4233886666334,241.83113499930187,293.7961620009446,26.00396810166349,288.96550340068643
812x812,False,cuda,total_ms,5,23.009267999,23.8101677992,22.340267999,26.920369999,1.8285312714331694,25.717483598999998
812x812,False,cuda,load_ms,5,9.655182,10.3924031998,9.526544001,12.601041,1.3033644693536608,11.7841757996
812x812,False,cuda,conversion_ms,5,2.543165,2.6194465998,2.496692,2.799229,0.14629223014953768,2.7819297992
812x812,False,cuda,write_ms,5,10.584348001,10.7974449998,10.216914,11.775016999,0.5917763638751722,11.4077341994
812x812,False,cuda,overhead_ms,5,0.000816999,0.0008729998,0.000721,0.001147,0.0001674859038850733,0.0010506
812x812,False,cuda,pipeline_ms,5,0.585919976,0.5832703948,0.573440015,0.590848029,0.007861664492704038,0.5903616074
812x812,False,cuda,peak_rss_mib,5,184.58984375,184.58984375,184.58984375,184.58984375,0.0,184.58984375
812x812,False,cuda,device_buffer_mib,5,18.275135994,18.275135994,18.275135994,18.275135994,0.0,18.275135994
812x812,False,cuda,stage:luminance,3,0.031744,0.030378666666666665,0.026624,0.032768,0.0032916994597522627,0.0325632
812x812,False,cuda,stage:gaussian_narrow,3,0.119808003,0.11957333466666667,0.118784003,0.120127998,0.0007020559521920835,0.120063999
812x812,False,cuda,stage:gaussian_wide,3,0.149823993,0.15000533066666666,0.149664,0.150527999,0.0004596586559767324,0.15038719779999998
812x812,False,cuda,stage:dog_threshold,3,0.031744,0.032426666666666666,0.031744,0.033792,0.0011824133513003543,0.0333824
812x812,False,cuda,stage:sobel_directions,3,0.053247999,0.05358933266666666,0.053247999,0.054272,0.000591207253000448,0.0540671998
812x812,False,cuda,stage:cell_voting_and_fill,3,0.013312,0.013653333333333333,0.013312,0.014336,0.0005912066756501771,0.0141312
812x812,False,cuda,stage:bloom_bright_pass,3,0.0,0.0,0.0,0.0,0.0,0.0
812x812,False,cuda,stage:bloom_blur,3,0.0,0.0,0.0,0.0,0.0,0.0
812x812,False,cuda,stage:render_and_combine,3,0.030719999,0.030719999,0.030719999,0.030719999,0.0,0.030719999
812x812,False,cuda,stage:normalize_and_encode,3,0.061439998,0.061439998,0.061439998,0.061439998,0.0,0.061439998
812x812,True,python,fresh_process_ms,3,1169.5453079992149,1165.963492332594,1124.8038089997863,1203.5413599987805,39.490790533136256,1196.7421495988674
812x812,True,python,total_ms,5,771.2062869995862,781.8136414000037,757.4137200008408,825.26990399856,28.651849455545076,813.418140799331
812x812,True,python,load_ms,5,28.051220000634203,28.522507999878144,27.203648000067915,30.28106399870012,1.3423873755523859,29.999025599681772
812x812,True,python,conversion_ms,5,698.1598369948188,707.3081860002276,687.2820040025545,741.3079779998952,23.23598024976931,733.1134120013303
812x812,True,python,write_ms,5,44.30553799829795,45.33008419930411,40.24454899990815,53.69471299854922,4.9897561852003145,50.01450139898225
812x812,True,python,overhead_ms,5,0.6896920058352407,0.6528632005938562,0.5579639982897788,0.6989830017118948,0.06054136283580005,0.695887800611672
812x812,True,python,pipeline_ms,5,698.1598369948188,707.3081860002276,687.2820040025545,741.3079779998952,23.23598024976931,733.1134120013303
812x812,True,python,peak_rss_mib,5,146.19140625,146.19140625,146.19140625,146.19140625,0.0,146.19140625
812x812,True,python,stage:luminance,5,4.755988000397338,5.042362599851913,4.422457999680773,6.495098999948823,0.8366418688803754,5.881568999393494
812x812,True,python,stage:dog,5,16.99478199952864,18.115990799924475,16.35442199949466,20.287822999307537,1.984221742772639,20.277867399636307
812x812,True,python,stage:sobel,5,6.048412000382086,6.211591600367683,5.834604999108706,6.604653000977123,0.36445625109149216,6.602467800985323
812x812,True,python,stage:magnitude,5,1.6507870004716096,1.7168401995149907,1.5954119990055915,1.8880899988289457,0.1307917286560735,1.8626959987159353
812x812,True,python,stage:angles,5,2.6416050004627323,2.728689000286977,2.6036660001409473,2.9157090011722175,0.14075338742536875,2.8866522010503104
812x812,True,python,stage:direction_quantization,5,452.9769100008707,460.10291460006556,446.13513500007684,486.77474899886874,17.034332839510437,478.86701299939887
812x812,True,python,stage:edge_voting,5,45.05061799864052,45.52974939979322,44.17164200094703,48.17056899992167,1.5798711560815872,47.175001799769234
812x812,True,python,stage:edge_render,5,8.970533999672625,9.003638600188424,8.831594999719528,9.298359000240453,0.17763601081746508,9.18184700058191
812x812,True,python,stage:bloom_blur,5,132.02624900077353,131.93123980054224,129.18862699916644,133.8774240011844,1.9422177746137028,133.77021520100243
812x812,True,python,stage:fill_downsample,5,2.1687740008928813,2.178460399954929,2.1265319992380682,2.2701469988533063,0.05411643399784226,2.229744999567629
812x812,True,python,stage:fill_quantization,5,0.028879998353659175,0.028356599796097726,0.026241001251037233,0.029348999305511825,0.0012455444487124968,0.029224599347799085
812x812,True,python,stage:fill_render,5,9.736194000652176,9.689397400143207,9.440403000553488,9.827658001086093,0.1579921589738807,9.819197600518237
812x812,True,python,stage:combine,5,14.521910999974352,14.466531799553195,14.159706999635091,14.596613000321668,0.17648609170009696,14.5845893996011
812x812,True,python,stage:bloom_add,5,0.5502889998751925,0.5624232002446661,0.535474000571412,0.600373999986914,0.030189103624053283,0.5957395998848369
812x812,True,cuda,fresh_process_ms,3,263.0507880003279,266.5795799997189,261.16258399997605,275.52536799885274,7.80459292857876,273.0304519991478
812x812,True,cuda,total_ms,5,33.183545999,33.6476292006,32.109894,36.409564001,1.623378420606159,35.212268001
812x812,True,cuda,load_ms,5,9.235635001,9.5656694006,8.641967,11.596212002,1.2076871593636431,10.8177512012
812x812,True,cuda,conversion_ms,5,4.094839999,4.0954123994,4.006535999,4.172961,0.06284804815675749,4.1563734
812x812,True,cuda,write_ms,5,20.302802,19.9854530002,18.452259,20.716895999,0.8848971176348567,20.568903199799998
812x812,True,cuda,overhead_ms,5,0.001062,0.0010944,0.000666998,0.001616001,0.0003387107689482281,0.001404801
812x812,True,cuda,pipeline_ms,5,2.234368086,2.2360064506,2.23232007,2.243583918,0.004498546820921857,2.2407167912
812x812,True,cuda,peak_rss_mib,5,184.75390625,184.75390625,184.75390625,184.75390625,0.0,184.75390625
812x812,True,cuda,device_buffer_mib,5,20.790333748,20.790333748,20.790333748,20.790333748,0.0,20.790333748
812x812,True,cuda,stage:luminance,3,0.032768,0.032768,0.031744,0.033792,0.0010240000000000006,0.033587200000000005
812x812,True,cuda,stage:gaussian_narrow,3,0.119999997,0.119989333,0.119808003,0.120159999,0.00017624013923054314,0.12012799860000001
812x812,True,cuda,stage:gaussian_wide,3,0.148479998,0.148138667,0.147456005,0.148479998,0.0005912026341982929,0.148479998
812x812,True,cuda,stage:dog_threshold,3,0.032768,0.032768,0.031744,0.033792,0.0010240000000000006,0.033587200000000005
812x812,True,cuda,stage:sobel_directions,3,0.052288,0.052586666,0.052223999,0.053247999,0.0005736244718167085,0.053055999199999995
812x812,True,cuda,stage:cell_voting_and_fill,3,0.013312,0.013066666666666666,0.012576,0.013312,0.00042492979812356387,0.013312
812x812,True,cuda,stage:bloom_bright_pass,3,0.019455999,0.019797332333333334,0.019455999,0.020479999,0.0005912066756501752,0.020275199
812x812,True,cuda,stage:bloom_blur,3,1.688575983,1.688575983,1.688575983,1.688575983,0.0,1.688575983
812x812,True,cuda,stage:render_and_combine,3,0.035840001,0.03585066766666667,0.035840001,0.035872001,1.847520861406647e-05,0.035865601000000004
812x812,True,cuda,stage:normalize_and_encode,3,0.058368001,0.058709334333333335,0.058368001,0.059392001,0.0005912066756501752,0.059187201
1000x1250,False,python,fresh_process_ms,3,1488.2684090007388,1477.1523379998446,1448.8313309993828,1494.3572739994124,24.71493773779688,1493.1395009996777
1000x1250,False,python,total_ms,5,984.093439001299,990.1092396001332,975.5413389993919,1025.2899839997553,20.34213081201867,1010.5356680000114
1000x1250,False,python,load_ms,5,45.50232700239576,45.61937880171172,45.16720900210203,46.53339800279355,0.5393687540970726,46.16248120146338
1000x1250,False,python,conversion_ms,5,884.9024639966956,890.0782575994526,876.9957669992436,919.6604449971346,17.342389474307744,907.858390200272
1000x1250,False,python,write_ms,5,53.04318199887348,54.07179840003664,52.312535000965,58.7725830009731,2.654513676338538,56.60165940062143
1000x1250,False,python,overhead_ms,5,0.3302449949842412,0.339804798932164,0.32355799885408487,0.37229999907140154,0.019552800656887713,0.3607296002883231
1000x1250,False,python,pipeline_ms,5,884.9024639966956,890.0782575994526,876.9957669992436,919.6604449971346,17.342389474307744,907.858390200272
1000x1250,False,python,peak_rss_mib,5,184.484375,184.4859375,184.47265625,184.5,0.009804609685946198,184.4953125
1000x1250,False,python,stage:luminance,5,10.628407999320189,10.802983999383287,10.59682699815312,11.16927299881354,0.26744232147642294,11.105070199118927
1000x1250,False,python,stage:dog,5,33.45323199937411,33.02035979941138,31.34752000005392,33.88693799934117,0.9951759266182056,33.7263619992882
1000x1250,False,python,stage:sobel,5,11.444134999692324,11.402249599632341,11.215351998544065,11.613910000960459,0.179856694682249,11.576372800118406
1000x1250,False,python,stage:magnitude,5,2.9278050005814293,2.946338399851811,2.856974000678747,3.02775899945118,0.06892229039799394,3.0176717995345825
1000x1250,False,python,stage:angles,5,5.066682000688161,5.104256600316148,4.983058001016616,5.31155399949057,0.12995567578869596,5.243101999803912
1000x1250,False,python,stage:direction_quantization,5,703.1275230001484,707.5843259997782,695.3619199994137,737.7055590004602,17.410581717570626,724.8792721999052
1000x1250,False,python,stage:edge_voting,5,65.19050499991863,65.35014280052565,65.00899000093341,65.99649800045881,0.3856528047101255,65.75327120081056
1000x1250,False,python,stage:edge_render,5,14.259657000366133,14.272745400376152,13.888110999687342,14.673937001134618,0.28020842645395666,14.532749401041656
1000x1250,False,python,stage:fill_downsample,5,3.7557800005743047,3.741221800009953,3.573637000954477,3.8365199998224853,0.10068528351066466,3.8209207999898354
1000x1250,False,python,stage:fill_quantization,5,0.04548000106296968,0.04562359972624108,0.044346999857225455,0.04741299926536158,0.0011143665919796826,0.04668459951062687
1000x1250,False,python,stage:fill_render,5,14.854539000225486,14.94042040030763,14.764165000087814,15.245041000525816,0.20949501039026674,15.173629800483468
1000x1250,False,python,stage:combine,5,20.70419200026663,20.867589200133807,20.41169800031639,21.305436001057387,0.39768817970317727,21.28984720002336
1000x1250,False,cuda,fresh_process_ms,3,277.82303700041666,289.85701666715613,266.86639500076126,324.8816180002905,30.822946401762117,315.4699018003157
1000x1250,False,cuda,total_ms,5,41.293524999,40.091792,36.889727,42.682441,2.8023689335507127,42.541232199999996
1000x1250,False,cuda,load_ms,5,17.698274,17.5861814004,15.875119001,19.26211,1.6168606405261527,19.1898584
1000x1250,False,cuda,conversion_ms,5,3.726946,3.7318144001999998,3.635903001,3.849466,0.07761707434090007,3.8074723996
1000x1250,False,cuda,write_ms,5,19.502631001,18.7726932002,17.238961,19.867254,1.2146288423953502,19.7481916
1000x1250,False,cuda,overhead_ms,5,0.001050999,0.0011029992,0.000824999,0.001432,0.00024581225457694333,0.0013659995999999999
1000x1250,False,cuda,pipeline_ms,5,1.025024056,1.0297344207999999,1.022976041,1.050624013,0.011733620712689758,1.0407935858
1000x1250,False,cuda,peak_rss_mib,5,188.578125,188.578125,188.578125,188.578125,0.0,188.578125
1000x1250,False,cuda,device_buffer_mib,5,34.688137054,34.688137054,34.688137054,34.688137054,0.0,34.688137054
1000x1250,False,cuda,stage:luminance,3,0.047104001,0.046815999999999997,0.045120001,0.048223998,0.0015719121400393204,0.047999998599999996
1000x1250,False,cuda,stage:gaussian_narrow,3,0.207872003,0.208213334,0.207872003,0.208895996,0.0005912026341982929,0.2086911974
1000x1250,False,cuda,stage:gaussian_wide,3,0.266431987,0.266421328,0.266240001,0.266591996,0.00017623941306359002,0.2665599942
1000x1250,False,cuda,stage:dog_threshold,3,0.05632,0.056426666333333333,0.05632,0.056639999,0.00018475150879041185,0.056575999200000004
1000x1250,False,cuda,stage:sobel_directions,3,0.093184002,0.09352533533333333,0.093184002,0.094208002,0.0005912066756501752,0.094003202
1000x1250,False,cuda,stage:cell_voting_and_fill,3,0.017408,0.017408,0.017408,0.017408,0.0,0.017408
1000x1250,False,cuda,stage:bloom_bright_pass,3,0.0,0.0,0.0,0.0,0.0,0.0
1000x1250,False,cuda,stage:bloom_blur,3,0.0,0.0,0.0,0.0,0.0,0.0
1000x1250,False,cuda,stage:render_and_combine,3,0.053440001,0.05365333333333333,0.053247999,0.054272,0.0005443138114491812,0.0541056002
1000x1250,False,cuda,stage:normalize_and_encode,3,0.102399997,0.102399997,0.102399997,0.102399997,0.0,0.102399997
1000x1250,True,python,fresh_process_ms,3,1736.0605260000739,1742.1822223338193,1707.5983470003848,1782.8877940009988,38.0162015713894,1773.5223404008138
1000x1250,True,python,total_ms,5,1223.5152590001235,1228.3972026005358,1210.1648850002675,1255.4624130007142,16.96873791523489,1245.9470126010274
1000x1250,True,python,load_ms,5,44.54556299788237,44.65458059930825,43.465228998684324,45.834779000870185,0.8760794280545129,45.525981400714954
1000x1250,True,python,conversion_ms,5,1102.4840480022249,1108.543672000451,1098.3456350058987,1133.2456139989517,14.336133585208026,1123.3621843977744
1000x1250,True,python,write_ms,5,75.59003200003644,74.78335539963155,68.00043099974573,78.2263659984892,4.020731032162108,77.84105999926396
1000x1250,True,python,overhead_ms,5,0.36494300911726896,0.4155946011451306,0.3535899959388189,0.5891510027140612,0.09961547700523818,0.517772201783373
1000x1250,True,python,pipeline_ms,5,1102.4840480022249,1108.543672000451,1098.3456350058987,1133.2456139989517,14.336133585208026,1123.3621843977744
1000x1250,True,python,peak_rss_mib,5,189.44140625,189.4171875,189.30078125,189.45703125,0.06550398067579558,189.45390625
1000x1250,True,python,stage:luminance,5,10.210255999481888,9.496702000615187,7.558204000815749,10.56701200104726,1.34403882239571,10.549426000579842
1000x1250,True,python,stage:dog,5,30.91206399949442,30.17708980005409,26.96111099976406,31.080312000995036,1.7996999107911114,31.066156000451883
1000x1250,True,python,stage:sobel,5,11.41049099896918,11.071361799986335,9.761646999322693,11.523823000970879,0.7406127977629,11.490933801178471
1000x1250,True,python,stage:magnitude,5,2.886789001422585,2.8959414001292316,2.3777789992891485,3.424511000048369,0.3717582311916476,3.2325382002454717
1000x1250,True,python,stage:angles,5,4.675784999562893,4.599078199680662,4.128074999243836,4.851040999710676,0.27472119027598746,4.785321400049725
1000x1250,True,python,stage:direction_quantization,5,689.2019950009853,697.6195108003594,684.7248730009596,720.4453289996309,15.528636095262035,715.0645702000475
1000x1250,True,python,stage:edge_voting,5,64.14378800036502,65.15896660057479,63.855895001324825,67.74493000011717,1.7191165108282165,67.09241640019172
1000x1250,True,python,stage:edge_render,5,14.034836000064388,14.071633599814959,13.39668099899427,14.875106999170384,0.5281452128828179,14.562292599657667
1000x1250,True,python,stage:bloom_blur,5,233.2187679985509,232.13799639961508,214.13000299980922,247.25915499948314,11.790311379961864,241.72925899983966
1000x1250,True,python,stage:fill_downsample,5,3.7981360001140274,3.8285378002910875,3.687501000968041,3.97471799988125,0.12046065688127232,3.9565563998621656
1000x1250,True,python,stage:fill_quantization,5,0.03588699837564491,0.03591779968701303,0.032608000765321776,0.03895800000464078,0.00239258552576783,0.03826279971690383
1000x1250,True,python,stage:fill_render,5,15.377585999885923,15.33009079976182,14.352023999890662,15.886983999735094,0.6208651047588852,15.86642239963112
1000x1250,True,python,stage:combine,5,21.079957999972976,21.151702399583883,20.087087999854703,22.374638998371665,0.820281400994704,21.933615398666007
1000x1250,True,python,stage:bloom_add,5,1.028021000820445,0.9691426002973458,0.7499949988414301,1.0923379995801952,0.13847257698806542,1.0778124000353273
1000x1250,True,cuda,fresh_process_ms,3,282.37063300002774,285.58633566596353,278.74828999847523,295.64008399938757,8.893184686550391,292.9861937995156
1000x1250,True,cuda,total_ms,5,63.774095999,63.8446398002,59.244310001,67.943961,4.067652721048196,67.9164726
1000x1250,True,cuda,load_ms,5,17.136429001,17.130155,15.955945,18.62679,1.0678342790614008,18.2289795996
1000x1250,True,cuda,conversion_ms,5,7.981472999,7.9798191998,7.928580999,8.026083,0.03688644848672189,8.0155546004
1000x1250,True,cuda,write_ms,5,39.836035,38.7337804,35.015542001,42.242225999,3.3829779572964265,41.8613703998
1000x1250,True,cuda,overhead_ms,5,0.000954,0.0008852002,0.000643,0.001000999,0.00014951144070170686,0.0009957998
1000x1250,True,cuda,pipeline_ms,5,5.06585598,5.067187214,5.064703941,5.070847988,0.002552931819257743,5.070028782
1000x1250,True,cuda,peak_rss_mib,5,189.1015625,189.1015625,189.1015625,189.1015625,0.0,189.1015625
1000x1250,True,cuda,device_buffer_mib,5,39.456508636,39.456508636,39.456508636,39.456508636,0.0,39.456508636
1000x1250,True,cuda,stage:luminance,3,0.049152002,0.049493334,0.049152002,0.050175998,0.0005912043662490996,0.0499711988
1000x1250,True,cuda,stage:gaussian_narrow,3,0.231424004,0.231082668,0.229376003,0.232447997,0.0015641833277084212,0.2322431984
1000x1250,True,cuda,stage:gaussian_wide,3,0.29705599,0.297077328,0.296959996,0.297215998,0.0001293280274495715,0.2971839964
1000x1250,True,cuda,stage:dog_threshold,3,0.058368001,0.05802666733333334,0.05632,0.059392001,0.0015641863827563294,0.059187201
1000x1250,True,cuda,stage:sobel_directions,3,0.105471998,0.10513066466666666,0.104447998,0.105471998,0.0005912066756501752,0.105471998
1000x1250,True,cuda,stage:cell_voting_and_fill,3,0.018432001,0.018773333666666666,0.018432001,0.019455999,0.0005912055209496394,0.019251199400000002
1000x1250,True,cuda,stage:bloom_bright_pass,3,0.039935999,0.039253333333333335,0.037888002,0.039935999,0.0011824116192495477,0.039935999
1000x1250,True,cuda,stage:bloom_blur,3,3.555327892,3.556693236,3.554303885,3.560447931,0.0032917242428978323,3.5594239232000002
1000x1250,True,cuda,stage:render_and_combine,3,0.06656,0.06621866666666666,0.065536,0.06656,0.0005912066756501752,0.06656
1000x1250,True,cuda,stage:normalize_and_encode,3,0.109568,0.109568,0.109568,0.109568,0.0,0.109568
1920x1080,False,python,fresh_process_ms,3,2142.9882510001335,2143.881804000557,2130.0371030010865,2158.6200580004515,14.312412684357458,2155.493696600388
1920x1080,False,python,total_ms,5,1631.7226159990241,1639.2831377997936,1598.8929149989417,1684.5921620006266,36.6046369993232,1678.3623500006797
1920x1080,False,python,load_ms,5,72.65075400027854,73.01974440015329,71.71760099845415,75.22458600215032,1.337084960123083,74.39483040143386
1920x1080,False,python,conversion_ms,5,1476.2202079982671,1482.7336753991403,1442.8852119963267,1527.2466340029496,35.47663357194002,1520.4730572018889
1920x1080,False,python,write_ms,5,82.98956299950078,82.95301219986868,81.8261779986642,84.84842800135084,1.1898884878086189,84.12427920084156
1920x1080,False,python,overhead_ms,5,0.5260330017335946,0.5767058006313164,0.4731430017272942,0.7794989978719968,0.12569305912992892,0.7133245999284554
1920x1080,False,python,pipeline_ms,5,1476.2202079982671,1482.7336753991403,1442.8852119963267,1527.2466340029496,35.47663357194002,1520.4730572018889
1920x1080,False,python,peak_rss_mib,5,241.2421875,241.23984375,241.23046875,241.2421875,0.005240784322265132,241.2421875
1920x1080,False,python,stage:luminance,5,18.05547899857629,17.689675999281462,16.26234000104887,18.420217998937005,0.9126207601207043,18.408103599358583
1920x1080,False,python,stage:dog,5,61.58423600027163,61.73656579994713,60.89860399879399,63.23729399991862,0.912668286475485,62.66878440037544
1920x1080,False,python,stage:sobel,5,23.172133000116446,23.18034500021895,22.431145000155084,23.87797700066585,0.533780940588108,23.695659000077285
1920x1080,False,python,stage:magnitude,5,4.8185619998548646,4.88130419907975,4.765633999340935,5.206059999181889,0.1835311017227036,5.0568647988257
1920x1080,False,python,stage:angles,5,8.450895998976193,8.438815599583904,8.244855998782441,8.720014000573428,0.1807412071504541,8.614352000586223
1920x1080,False,python,stage:direction_quantization,5,1163.551694000489,1169.4682638000813,1133.8736019988573,1211.2466660000791,31.814603749935877,1203.431596000155
1920x1080,False,python,stage:edge_voting,5,106.68133299986948,107.29628259978199,105.02874499979953,109.77454100066097,2.2999806894155603,109.73201380038518
1920x1080,False,python,stage:edge_render,5,23.050543999488582,23.251452400290873,22.653104999335483,24.024583000937128,0.574950207854851,23.88200300083554
1920x1080,False,python,stage:fill_downsample,5,6.1234829991008155,6.186312800491578,6.06978900032118,6.364275001033093,0.13016437098434938,6.331916201088461
1920x1080,False,python,stage:fill_quantization,5,0.06821600072726142,0.06839960005891044,0.06736400064255577,0.06935399869689718,0.00089038194023929,0.06932439937372692
1920x1080,False,python,stage:fill_render,5,24.295258001075126,24.540263200105983,23.982860999240074,25.380588000189164,0.6138152931428911,25.222236400077236
1920x1080,False,python,stage:combine,5,36.01219600022887,35.99599440021848,35.328318999745534,36.995370999648,0.6912959642119343,36.70631420027348
1920x1080,False,cuda,fresh_process_ms,3,285.14059400004044,285.90234799958125,283.03836599843635,289.528084000267,3.3112402212288132,288.65058600022167
1920x1080,False,cuda,total_ms,5,56.850244001,58.700145400000004,54.890205,64.329422999,4.411818755282758,63.586610599400004
1920x1080,False,cuda,load_ms,5,27.683093,28.0799556002,25.764689,31.361024,2.4087866740491086,30.6704064
1920x1080,False,cuda,conversion_ms,5,5.027705001,5.0430382,5.001595,5.105015,0.04400481380371349,5.091637
1920x1080,False,cuda,write_ms,5,24.164513001,25.5757524002,23.991217,27.861631999,2.043856453615176,27.8230071998
1920x1080,False,cuda,overhead_ms,5,0.001448,0.0013991994,0.001042999,0.001752,0.0002629634885317732,0.0016435992
1920x1080,False,cuda,pipeline_ms,5,1.563647985,1.5650239946,1.560575962,1.56969595,0.003652482292626313,1.5689151768
1920x1080,False,cuda,peak_rss_mib,5,195.2734375,195.2734375,195.2734375,195.2734375,0.0,195.2734375
1920x1080,False,cuda,device_buffer_mib,5,57.537124634,57.537124634,57.537124634,57.537124634,0.0,57.537124634
1920x1080,False,cuda,stage:luminance,3,0.071680002,0.07099733500000001,0.069632001,0.071680002,0.001182413928650627,0.071680002
1920x1080,False,cuda,stage:gaussian_narrow,3,0.371711999,0.371797333,0.371711999,0.371968001,0.00014780282361306953,0.3719168006
1920x1080,False,cuda,stage:gaussian_wide,3,0.480255991,0.480255991,0.480255991,0.480255991,0.0,0.480255991
1920x1080,False,cuda,stage:dog_threshold,3,0.099327996,0.098367999,0.096256003,0.099519998,0.0018315598597951927,0.0994815976
1920x1080,False,cuda,stage:sobel_directions,3,0.164864004,0.165205335,0.164864004,0.165887997,0.0005912026341982929,0.1656831984
1920x1080,False,cuda,stage:cell_voting_and_fill,3,0.026624,0.026624,0.026624,0.026624,0.0,0.026624
1920x1080,False,cuda,stage:bloom_bright_pass,3,0.0,0.0,0.0,0.0,0.0,0.0
1920x1080,False,cuda,stage:bloom_blur,3,0.0,0.0,0.0,0.0,0.0,0.0
1920x1080,False,cuda,stage:render_and_combine,3,0.090112001,0.08981333433333333,0.089216001,0.090112001,0.0005173058411939012,0.090112001
1920x1080,False,cuda,stage:normalize_and_encode,3,0.131072,0.131072,0.131072,0.131072,0.0,0.131072
1920x1080,True,python,fresh_process_ms,3,2529.385445999651,2516.364591666085,2481.6836939990026,2538.0246349996014,30.3435725301125,2536.2967971996113
1920x1080,True,python,total_ms,5,2033.0879260000074,2024.6281174000615,1899.5922200010682,2118.0924059990502,83.80879961667064,2101.791042399418
1920x1080,True,python,load_ms,5,71.99264500013669,71.19050139845058,66.18500999684329,73.94602799831773,2.996509211572047,73.48855719828862
1920x1080,True,python,conversion_ms,5,1844.3955329985329,1838.453471799221,1726.0874819967285,1920.979205002368,74.1128484182869,1906.0553158014955
1920x1080,True,python,write_ms,5,117.24187100116978,114.59837940019497,105.55271100020036,123.88715999986744,7.999384566896085,122.07143439954962
1920x1080,True,python,overhead_ms,5,0.37564100239251275,0.38576480219489895,0.34802500158548355,0.42404900159453973,0.03617412207290892,0.42390540038468316
1920x1080,True,python,pipeline_ms,5,1844.3955329985329,1838.453471799221,1726.0874819967285,1920.979205002368,74.1128484182869,1906.0553158014955
1920x1080,True,python,peak_rss_mib,5,249.07421875,249.04765625,248.94140625,249.07421875,0.059395555652338165,249.07421875
1920x1080,True,python,stage:luminance,5,18.38714100085781,16.97425340062182,14.112660001046606,18.47401599843579,2.035832618398122,18.43960079968383
1920x1080,True,python,stage:dog,5,56.16701799954171,54.19916139944689,49.73416099892347,57.30507100088289,3.728069092856774,57.266196200362174
1920x1080,True,python,stage:sobel,5,24.03189399956318,22.735530199861387,19.107867999991868,26.393500000267522,3.1397259837443974,25.57405440020375
1920x1080,True,python,stage:magnitude,5,4.836022999370471,4.843483199874754,3.922301999409683,6.245075999686378,0.9345857718861629,5.8031780001329025
1920x1080,True,python,stage:angles,5,7.621216998813907,7.675885799835669,6.6857790006906725,9.144832998572383,0.9837400051489248,8.698678199289134
1920x1080,True,python,stage:direction_quantization,5,1140.2989339985652,1140.8626047996222,1086.4867750005942,1205.4547820007429,44.29808240643446,1185.0276504002977
1920x1080,True,python,stage:edge_voting,5,105.6995930011908,107.52508740042686,98.97400800036849,122.99445000098785,9.349893440688888,117.08303600025829
1920x1080,True,python,stage:edge_render,5,22.975575000600656,23.552816600204096,21.70026199928543,27.268380999885267,2.166562881701102,25.699080600315938
1920x1080,True,python,stage:bloom_blur,5,397.48045099986484,390.5950493997807,359.7279969999363,404.9978229995759,17.82713953983927,402.343340999505
1920x1080,True,python,stage:fill_downsample,5,6.286755000473931,6.567788799657137,6.091028000810184,7.281672998942668,0.563100543898376,7.19494419900002
1920x1080,True,python,stage:fill_quantization,5,0.0676159997965442,0.07005100014794152,0.056213000789284706,0.09129200043389574,0.014896788809289895,0.08606080009485595
1920x1080,True,python,stage:fill_render,5,24.88567899854388,25.648058199658408,23.339588999078842,29.203779000454233,2.5958611809199486,28.498544600370224
1920x1080,True,python,stage:combine,5,34.63637500135519,35.53297900034522,32.71985499850416,40.91850400072872,3.394861665630074,39.176115200825734
1920x1080,True,python,stage:bloom_add,5,1.654208999752882,1.6707225997379282,1.5017650002846494,1.7969450000236975,0.11513502580547746,1.7811401998187648
1920x1080,True,cuda,fresh_process_ms,3,320.41801100058365,324.7248423340352,315.3185900009703,338.43792600055167,12.146502433477918,334.83394300055807
1920x1080,True,cuda,total_ms,5,93.202846,93.2841693994,88.350325,102.606063999,5.788345593958581,99.055140399
1920x1080,True,cuda,load_ms,5,27.149739999,27.5886345998,25.574098,30.193172,1.986212330290306,29.7365472
1920x1080,True,cuda,conversion_ms,5,11.581783,11.3220927994,10.896026999,11.586506,0.3598164421246637,11.5857703996
1920x1080,True,cuda,write_ms,5,51.879050002,54.3723190002,51.426743999,61.968845,4.491505836923243,59.1779150004
1920x1080,True,cuda,overhead_ms,5,0.001147,0.0011229994,0.000941999,0.001387,0.00017444094702878682,0.0012921996000000002
1920x1080,True,cuda,pipeline_ms,5,7.968607903,7.7907200814,7.42592001,8.077312469,0.3316626180786514,8.0654338834
1920x1080,True,cuda,peak_rss_mib,5,195.39453125,195.39453125,195.39453125,195.39453125,0.0,195.39453125
1920x1080,True,cuda,device_buffer_mib,5,65.447280884,65.447280884,65.447280884,65.447280884,0.0,65.447280884
1920x1080,True,cuda,stage:luminance,3,0.069856003,0.070048002,0.069632001,0.070656002,0.000538323530974634,0.07049600219999999
1920x1080,True,cuda,stage:gaussian_narrow,3,0.350208014,0.349866678,0.349184006,0.350208014,0.0005912112944523422,0.350208014
1920x1080,True,cuda,stage:gaussian_wide,3,0.452607989,0.452607999,0.451584011,0.453631997,0.0010239930000366221,0.4534271954
1920x1080,True,cuda,stage:dog_threshold,3,0.100351997,0.09966933233333333,0.097280003,0.101375997,0.002131622620762248,0.10117119699999999
1920x1080,True,cuda,stage:sobel_directions,3,0.155647993,0.155647993,0.155647993,0.155647993,0.0,0.155647993
1920x1080,True,cuda,stage:cell_voting_and_fill,3,0.025599999,0.025258666333333332,0.024576001,0.025599999,0.0005912055209496374,0.025599999
1920x1080,True,cuda,stage:bloom_bright_pass,3,0.065536,0.064853333,0.063487999,0.065536,0.001182413928650619,0.065536
1920x1080,True,cuda,stage:bloom_blur,3,5.596159935,5.595136006666666,5.59308815,5.596159935,0.0017734958966428751,5.596159935
1920x1080,True,cuda,stage:render_and_combine,3,0.094208002,0.10035200166666666,0.094208002,0.112640001,0.010641719584352916,0.1089536012
1920x1080,True,cuda,stage:normalize_and_encode,3,0.121855997,0.121514666,0.120832004,0.121855997,0.0005912026341982849,0.121855997
3840x2160,False,python,fresh_process_ms,3,6657.099045998621,6710.511455666468,6607.919977001075,6866.515343999708,137.32281342946624,6824.632084399491
3840x2160,False,python,total_ms,5,6905.566704999728,6954.618660799679,6789.435980001144,7186.206053998831,167.2504217305775,7137.779573999069
3840x2160,False,python,load_ms,5,266.7685939995863,271.60919600064517,263.3794930006843,290.988055001435,11.155180405247734,282.91941300158214
3840x2160,False,python,conversion_ms,5,6345.076019004409,6383.59147720148,6236.246466000011,6580.671343001086,146.569332111137,6543.260489801833
3840x2160,False,python,write_ms,5,293.0853340003523,298.6691588001122,289.2002610005875,313.3202650005842,10.661195112826798,310.62649820050865
3840x2160,False,python,overhead_ms,5,0.6367579953803215,0.7488287974410923,0.5933459942752961,1.2263909957255237,0.2688740434794145,1.006990198220592
3840x2160,False,python,pipeline_ms,5,6345.076019004409,6383.59147720148,6236.246466000011,6580.671343001086,146.569332111137,6543.260489801833
3840x2160,False,python,peak_rss_mib,5,605.23046875,605.23046875,605.23046875,605.23046875,0.0,605.23046875
3840x2160,False,python,stage:luminance,5,63.83486200138577,65.9949153996422,63.39790499805531,71.16750900058832,3.4590209561646303,69.8920389997511
3840x2160,False,python,stage:dog,5,298.56454900073004,301.1686104000546,293.33159899942984,318.4457309998834,10.00550397453091,311.0787554000126
3840x2160,False,python,stage:sobel,5,158.5427490008442,161.60638140027004,157.08593599993037,176.00910300097894,8.075403750649789,169.04992900017533
3840x2160,False,python,stage:magnitude,5,18.3332540000265,18.67344400016009,18.158435999794165,20.134026000960148,0.8335607082529696,19.509604800623492
3840x2160,False,python,stage:angles,5,31.721630999527406,31.792040200525662,30.891555001289817,33.4629839999252,1.0148341653372694,32.80064720020164
3840x2160,False,python,stage:direction_quantization,5,4945.188199000768,4971.229509400291,4851.60115600047,5145.137425999565,119.40071493293605,5100.118484799896
3840x2160,False,python,stage:edge_voting,5,432.12056800075516,432.8271290003613,424.52827200031606,447.74379400041653,9.38995463259634,442.4568436006666
3840x2160,False,python,stage:edge_render,5,102.00075400098285,101.57672340064892,99.34145500119484,104.41279999940889,1.9809819858323923,103.46861840007477
3840x2160,False,python,stage:fill_downsample,5,28.708242998618516,28.892100599841797,28.388352000547457,29.60685200014268,0.4965250463547683,29.437945999961812
3840x2160,False,python,stage:fill_quantization,5,0.2750869989540661,0.2841277997504221,0.27350399977876805,0.32031800037657376,0.02027697213010988,0.3030839998245938
3840x2160,False,python,stage:fill_render,5,111.53918099989824,112.51825079998525,109.31265500039444,117.59133799932897,3.14065386306651,115.79327519939397
3840x2160,False,python,stage:combine,5,156.8453559993941,157.02824479994888,153.0871049999405,161.97094599920092,3.7507099135526607,160.95937360005337
3840x2160,False,cuda,fresh_process_ms,3,425.44971499955864,427.21521399956447,419.94969000006677,436.24623699906806,8.290482559051117,434.0869325991662
3840x2160,False,cuda,total_ms,5,201.572864,199.9787277998,195.354206,203.395864999,3.693193562827249,203.1806309994
3840x2160,False,cuda,load_ms,5,97.677453,99.3336498,96.799238,103.205190001,2.9854264235348866,102.6772628006
3840x2160,False,cuda,conversion_ms,5,16.610281,16.6181927998,16.590522999,16.661448,0.027903254042277725,16.6481659996
3840x2160,False,cuda,write_ms,5,83.010536,84.0259264,81.963518001,89.107088,2.8771419597950705,86.687524
3840x2160,False,cuda,overhead_ms,5,0.000926999,0.0009587996,0.00083,0.001071,9.818438674402359e-05,0.0010597996
3840x2160,False,cuda,pipeline_ms,5,5.694464207,5.6971456528,5.688352108,5.71289587,0.009578112198948524,5.7071616172
3840x2160,False,cuda,peak_rss_mib,5,242.59765625,242.59765625,242.59765625,242.59765625,0.0,242.59765625
3840x2160,False,cuda,device_buffer_mib,5,230.046508789,230.046508789,230.046508789,230.046508789,0.0,230.046508789
3840x2160,False,cuda,stage:luminance,3,0.238591999,0.237621332,0.234495997,0.239776,0.0027706053018553434,0.2395391998
3840x2160,False,cuda,stage:gaussian_narrow,3,1.576992035,1.5780373416666666,1.576959968,1.580160022,0.0018383650130652943,1.5795264246
3840x2160,False,cuda,stage:gaussian_wide,3,2.064480066,2.0638080436666666,2.062335968,2.064608097,0.0012764611472872018,2.0645824908
3840x2160,False,cuda,stage:dog_threshold,3,0.385024011,0.38673067066666666,0.376832008,0.398335993,0.010853103617556885,0.3956735966
3840x2160,False,cuda,stage:sobel_directions,3,0.694271982,0.6946133179999999,0.694271982,0.69529599,0.0005912112944523422,0.6950911884
3840x2160,False,cuda,stage:cell_voting_and_fill,3,0.076800004,0.077141335,0.076800004,0.077823997,0.0005912026341982929,0.0776191984
3840x2160,False,cuda,stage:bloom_bright_pass,3,0.0,0.0,0.0,0.0,0.0,0.0
3840x2160,False,cuda,stage:bloom_blur,3,0.0,0.0,0.0,0.0,0.0,0.0
3840x2160,False,cuda,stage:render_and_combine,3,0.349184006,0.349525342,0.349184006,0.350208014,0.0005912112944523422,0.3500032124
3840x2160,False,cuda,stage:normalize_and_encode,3,0.31436801,0.31470933566666665,0.313344002,0.316415995,0.0015641811455379255,0.316006398
3840x2160,True,python,fresh_process_ms,3,9264.770822001083,9095.74057866727,8596.051784001247,9426.399129999481,440.2244837837778,9394.073468399802
3840x2160,True,python,total_ms,5,7490.712163998978,7600.478895999549,7449.271486999351,7903.907751000588,194.8290301148176,7817.818058200282
3840x2160,True,python,load_ms,5,243.09339200226532,250.8178220006812,242.09056899962889,281.4993139982107,17.178510766405974,266.77829599939287
3840x2160,True,python,conversion_ms,5,6876.986952998777,6966.957718800404,6838.128799003243,7227.011494995168,163.88818501246638,7148.522952998246
3840x2160,True,python,write_ms,5,369.4848790000833,381.6886643999169,364.15942500025267,412.14096099974995,20.82995736003078,405.1208337998105
3840x2160,True,python,overhead_ms,5,1.055648996043601,1.0146907985472353,0.806299007308553,1.1469399978523143,0.13013537766144515,1.1201083965715952
3840x2160,True,python,pipeline_ms,5,6876.986952998777,6966.957718800404,6838.128799003243,7227.011494995168,163.88818501246638,7148.522952998246
3840x2160,True,python,peak_rss_mib,5,699.5390625,693.29453125,668.3125,699.54296875,13.965380398342544,699.54296875
3840x2160,True,python,stage:luminance,5,62.6372619990434,63.745459399797255,62.25721199916734,68.42681800117134,2.6249926299715862,66.186940400803
3840x2160,True,python,stage:dog,5,276.30032600063714,281.657019200793,271.8381330014381,310.2263330001733,16.110023257609452,296.8748418003088
3840x2160,True,python,stage:sobel,5,147.62923600028444,148.92015920013364,144.83871599986742,158.16093899957195,5.292948215877519,153.9535801999591
3840x2160,True,python,stage:magnitude,5,17.722644999594195,17.89063139949576,17.636074999245466,18.642305998582742,0.4226172055982979,18.289149199335952
3840x2160,True,python,stage:angles,5,27.792893999503576,28.439406800316647,27.67118000156188,31.2063669989584,1.5486189287313925,29.863094199390616
3840x2160,True,python,stage:direction_quantization,5,4232.813352999074,4245.173973399869,4216.441249998752,4314.992458999768,39.78950174963059,4283.639961400331
3840x2160,True,python,stage:edge_voting,5,359.51443100020697,358.93430700016324,356.1106910001399,360.60997499953373,1.7856416752845112,360.3968581999652
3840x2160,True,python,stage:edge_render,5,91.56319700014137,91.31398680001439,89.36556200023915,92.77042999929108,1.2994925987470172,92.48063039958652
3840x2160,True,python,stage:bloom_blur,5,1404.9195610004972,1466.278962800061,1398.3020440009568,1615.763343999788,96.35452818354445,1574.2153295996104
3840x2160,True,python,stage:fill_downsample,5,24.450305998470867,25.39790560003894,24.122112999975798,29.580039001302794,2.346388191626783,27.599335000559222
3840x2160,True,python,stage:fill_quantization,5,0.25881900000968017,0.2615025998238707,0.23645900000701658,0.2860329987015575,0.02332842214230916,0.28551179930218495
3840x2160,True,python,stage:fill_render,5,97.0112169998174,99.43967440012784,95.12740500031214,112.30953300037072,7.25073462039285,106.26840699987952
3840x2160,True,python,stage:combine,5,128.93111999983375,133.22967620006239,127.48772400118469,151.8834409998817,10.474833001558556,143.13598699991417
3840x2160,True,python,stage:bloom_add,5,5.970703999992111,6.27505399970687,5.924958000832703,7.079674998749397,0.4962882449923375,6.822161399395554
3840x2160,True,cuda,fresh_process_ms,3,553.7511290003749,550.3378000000035,542.4505840001075,554.8116869995283,6.851082249481083,554.5995753996976
3840x2160,True,cuda,total_ms,5,315.604065999,314.8050124,305.777099,323.835457001,6.475697851300114,320.6089838006
3840x2160,True,cuda,load_ms,5,93.372433001,96.634114,91.980182,106.105967999,5.985683752496847,103.2737015994
3840x2160,True,cuda,conversion_ms,5,45.421374001,45.5890963998,45.309486998,46.393897999,0.45521157293314574,46.0300943994
3840x2160,True,cuda,write_ms,5,168.702856001,172.5804066002,164.160626,185.725819999,8.495028844624528,181.83615239940002
3840x2160,True,cuda,overhead_ms,5,0.001448,0.0013954004,0.001138,0.001578001,0.00017946574631472163,0.001555201
3840x2160,True,cuda,pipeline_ms,5,33.228801727,33.397349548,33.21446228,34.065406799,0.3737938973788084,33.7418228146
3840x2160,True,cuda,peak_rss_mib,5,325.9375,325.9375,325.9375,325.9375,0.0,325.9375
3840x2160,True,cuda,device_buffer_mib,5,261.687133789,261.687133789,261.687133789,261.687133789,0.0,261.687133789
3840x2160,True,cuda,stage:luminance,3,0.241664007,0.23995733733333333,0.236543998,0.241664007,0.0029560385744032956,0.241664007
3840x2160,True,cuda,stage:gaussian_narrow,3,1.577983975,1.5779839753333333,1.576959968,1.579007983,0.00102400750000002,1.5788031813999999
3840x2160,True,cuda,stage:gaussian_wide,3,2.065407991,2.0651306309999997,2.064512014,2.065471888,0.0005366898090786888,2.0654591086
3840x2160,True,cuda,stage:dog_threshold,3,0.393216014,0.39662933333333333,0.377855986,0.418816,0.020692238843912716,0.4136960028
3840x2160,True,cuda,stage:sobel_directions,3,0.694271982,0.694271982,0.693247974,0.69529599,0.0010240079999999652,0.6950911884
3840x2160,True,cuda,stage:cell_voting_and_fill,3,0.076927997,0.076917333,0.076800004,0.077023998,0.00011237712703659492,0.0770047978
3840x2160,True,cuda,stage:bloom_bright_pass,3,0.259072006,0.25634133833333334,0.250880003,0.259072006,0.004729655137252224,0.259072006
3840x2160,True,cuda,stage:bloom_blur,3,27.261119843,27.550101598333335,27.249664307,28.139520645,0.5104840024489938,27.963840484600002
3840x2160,True,cuda,stage:render_and_combine,3,0.370687991,0.371029327,0.370687991,0.371711999,0.0005912112944523422,0.3715071974
3840x2160,True,cuda,stage:normalize_and_encode,3,0.302080005,0.303786675,0.302080005,0.307200015,0.0029560391517535803,0.30617601299999997
