Time (%),Total Time (ns),Instances,Avg (ns),Med (ns),Min (ns),Max (ns),StdDev (ns),Name
50.2,8661750,6,1443625.0,291292.0,221117,3901297,1840508.4,"void gaussian_tiled<(bool)1>(const float *, float *, int, int, const float *, int)"
42.0,7243401,6,1207233.5,243677.0,180574,3213369,1541868.5,"void gaussian_tiled<(bool)0>(const float *, float *, int, int, const float *, int)"
2.1,368796,2,184398.0,184398.0,184382,184414,22.6,"direction_kernel(const float *, signed char *, int, int, float)"
1.3,217053,2,108526.5,108526.5,108510,108543,23.3,"render_kernel(const int *, const signed char *, const unsigned char *, const unsigned char *, int, int, unsigned int, const float *, int, float *, int, int, int, int)"
1.1,193342,2,96671.0,96671.0,95007,98335,2353.3,"dog_kernel(const float *, const float *, float *, unsigned long, float, float)"
1.1,182685,2,91342.5,91342.5,91071,91614,384.0,"range_kernel(const float *, unsigned long, float2 *)"
0.7,122144,2,61072.0,61072.0,60224,61920,1199.3,"bright_kernel(const float *, float *, unsigned long, float)"
0.7,116575,2,58287.5,58287.5,57632,58943,927.0,"luminance_kernel(const unsigned char *, float *, unsigned long)"
0.5,83360,2,41680.0,41680.0,41408,41952,384.7,"encode_kernel(const float *, unsigned char *, unsigned long, const float2 *, int)"
0.3,56414,2,28207.0,28207.0,27775,28639,610.9,"cells_kernel(const float *, const signed char *, int *, signed char *, int, int, int, unsigned long, int, int)"
0.0,7392,2,3696.0,3696.0,3648,3744,67.9,"range_finish_kernel(float2 *, int)"
