Time (%),Total Time (ns),Num Calls,Avg (ns),Med (ns),Min (ns),Max (ns),StdDev (ns),Name
93.2,10642606,10,1064260.6,17461.5,1494,4917090,1984186.8,cudaMemcpyAsync
2.0,227316,22,10332.5,6056.0,2507,36569,9185.1,cudaLaunchKernel
1.8,200462,2,100231.0,100231.0,81616,118846,26325.6,cudaMalloc
1.4,162095,2,81047.5,81047.5,80827,81268,311.8,cudaFree
1.0,110549,6,18424.8,2621.0,430,99714,39856.6,cudaStreamSynchronize
0.3,34259,2,17129.5,17129.5,7374,26885,13796.4,cudaStreamCreateWithFlags
0.1,15423,4,3855.8,3757.0,1915,5994,2244.0,cudaEventRecord
0.1,5911,2,2955.5,2955.5,2877,3034,111.0,cudaStreamDestroy
0.0,4599,4,1149.8,1040.5,413,2105,861.1,cudaEventCreate
0.0,3921,22,178.2,147.0,84,863,157.8,cuKernelGetName
0.0,3804,2,1902.0,1902.0,1465,2339,618.0,cudaGetDeviceProperties
0.0,2877,4,719.3,693.0,268,1223,517.4,cudaEventDestroy
0.0,2661,10,266.1,226.0,117,782,194.0,cuLibraryGetKernel
0.0,1400,1,1400.0,1400.0,1400,1400,0.0,cuModuleGetLoadingMode
