size,bloom,mode,metric,n,median,mean,min,max,stddev,p90
256x256,False,baseline,total_ms,15,2.502209,2.7578828001333333,2.334153999,6.286537997,0.9809856716457971,2.686479801
256x256,False,baseline,load_ms,15,1.014723998,1.0181098672,0.951111,1.094570998,0.04668195154154601,1.070165402
256x256,False,baseline,conversion_ms,15,0.297794998,0.3173005326,0.272156,0.434312001,0.052293938099711966,0.3895679996
256x256,False,baseline,write_ms,15,1.172434002,1.4221213335333334,1.081478,4.892676998,0.9621278582517344,1.2950210006
256x256,False,baseline,overhead_ms,15,0.000353001,0.00035106693333333334,0.000270002,0.000503,6.173720042181869e-05,0.00041639979999999997
256x256,False,baseline,pipeline_ms,15,0.096256003,0.10293546813333333,0.094144002,0.119808003,0.010363007970651032,0.1173504026
256x256,False,baseline,peak_rss_mib,15,179.25,179.22916666666666,179.109375,179.328125,0.09368797551421623,179.328125
256x256,False,baseline,device_buffer_mib,15,1.82208252,1.82208252,1.82208252,1.82208252,0.0,1.82208252
256x256,False,baseline,fresh_process_ms,3,204.85756199923344,201.26841433375375,185.64631900153472,213.3013620004931,14.172573391661196,211.61260200024117
256x256,False,optimized,total_ms,15,1.386907998,1.4054251334666668,1.219090998,1.774964999,0.17138101932347344,1.659281601
256x256,False,optimized,load_ms,15,0.906574998,0.905130066,0.797759,1.074263997,0.07868841390427578,0.9724145998
256x256,False,optimized,conversion_ms,15,0.207922,0.2587841342,0.192823999,0.516329002,0.10863454017313932,0.43158460019999995
256x256,False,optimized,write_ms,15,0.243202999,0.2412401998,0.208782002,0.286406003,0.024019587165262854,0.27362580059999997
256x256,False,optimized,overhead_ms,15,0.000268999,0.0002707334,0.000194002,0.000359997,4.9957158717387895e-05,0.0003281994
256x256,False,optimized,pipeline_ms,15,0.052671999,0.06471893286666666,0.048255999,0.187647998,0.03453256201184868,0.064979202
256x256,False,optimized,peak_rss_mib,15,189.37890625,189.33463541666666,189.20703125,189.41796875,0.09484418515040992,189.41796875
256x256,False,optimized,device_buffer_mib,15,1.072509766,1.072509766,1.072509766,1.072509766,0.0,1.072509766
256x256,False,optimized,fresh_process_ms,3,202.79652400131454,210.84193833303289,201.90507499864907,227.82421599913505,14.713836562145598,222.81867759957095
256x256,False,graph_direct,total_ms,15,1.200201001,1.4740295997333333,1.088780999,5.250388,1.0498962089115327,1.4225973983999998
256x256,False,graph_direct,load_ms,15,0.866001002,0.8863808668000001,0.809490997,1.159683,0.08360084693605506,0.922904001
256x256,False,graph_direct,conversion_ms,15,0.095027,0.0961529332,0.088796999,0.109182,0.006140398386604956,0.1059059992
256x256,False,graph_direct,write_ms,15,0.214042,0.4912650672,0.185222,4.314380001,1.0578824106216693,0.26411500099999996
256x256,False,graph_direct,overhead_ms,15,0.000209,0.00023073253333333335,0.000168998,0.00045,7.280053127540315e-05,0.000303798
256x256,False,graph_direct,pipeline_ms,15,0.045216002,0.04657919973333333,0.041983999,0.054591998,0.004001019948477557,0.0514239996
256x256,False,graph_direct,peak_rss_mib,15,189.73046875,189.953125,189.5234375,190.60546875,0.4854156986852958,190.60546875
256x256,False,graph_direct,device_buffer_mib,15,1.072509766,1.072509766,1.072509766,1.072509766,0.0,1.072509766
256x256,False,graph_auto,total_ms,15,1.225297999,6.222746866933333,1.125714,26.080212001,8.5602573592024,20.1496744006
256x256,False,graph_auto,load_ms,15,0.853606001,0.853146533,0.816073,0.907153998,0.029777223470336085,0.8902269982
256x256,False,graph_auto,conversion_ms,15,0.093826003,0.11758160106666667,0.086119998,0.185070001,0.04146413279059284,0.184282201
256x256,False,graph_auto,write_ms,15,0.228439998,5.251729799066667,0.207456,25.079441998,8.543929155207083,19.1330085988
256x256,False,graph_auto,overhead_ms,15,0.000248,0.0002889339333333333,0.000177,0.000477001,8.81706043276059e-05,0.0003857998
256x256,False,graph_auto,pipeline_ms,15,0.046944,0.06670506699999999,0.041951999,0.127903998,0.03792610347285768,0.1274112016
256x256,False,graph_auto,peak_rss_mib,15,189.75,189.77083333333334,189.72265625,189.83984375,0.051815251287598944,189.83984375
256x256,False,graph_auto,device_buffer_mib,15,1.072509766,1.072509766,1.072509766,1.072509766,0.0,1.072509766
256x256,False,resident,execution_ms,100,0.0462845005,0.04633400995,0.045822002,0.051362,0.0005514473119363313,0.0465217006
256x256,False,resident,pipeline_ms,100,0.041728001,0.0415004795,0.040959999,0.041983999,0.0004615757229766157,0.041983999
256x256,False,resident,device_buffer_mib,100,1.072509766,1.072509766,1.072509766,1.072509766,0.0,1.072509766
256x256,True,baseline,total_ms,15,4.154298,4.4319320006666665,3.898731999,7.622069001,0.9169498867009318,4.7321384012
256x256,True,baseline,load_ms,15,0.998933002,1.0386854673333334,0.939119,1.532304,0.14177225249837605,1.0775317988
256x256,True,baseline,conversion_ms,15,0.615116999,0.6530211326666666,0.577778999,0.77403,0.07891169080122322,0.7587459996
256x256,True,baseline,write_ms,15,2.460841,2.739802934,2.359366,6.069325998,0.9348857297539594,2.8410400003999996
256x256,True,baseline,overhead_ms,15,0.000393,0.0004224665333333333,0.000305001,0.000682,0.00011342357629313144,0.0005928015999999999
256x256,True,baseline,pipeline_ms,15,0.306176007,0.3083178699333333,0.301055998,0.318464011,0.005004035695483549,0.3138816062
256x256,True,baseline,peak_rss_mib,15,179.33203125,179.33333333333334,179.31640625,179.3515625,0.014886764118092893,179.3515625
256x256,True,baseline,device_buffer_mib,15,2.07208252,2.07208252,2.07208252,2.07208252,0.0,2.07208252
256x256,True,baseline,fresh_process_ms,3,198.58753500011517,200.73824500044188,194.42490399887902,209.20229600233142,7.619842106963485,207.07934380188817
256x256,True,optimized,total_ms,15,1.744548,2.0175951332666666,1.614346001,5.580964997,0.9938405155856384,2.051008801
256x256,True,optimized,load_ms,15,0.919158,0.9158119338,0.869541001,0.947145,0.025244666875501063,0.9418350004
256x256,True,optimized,conversion_ms,15,0.400224999,0.4326368668,0.370984003,0.783971999,0.10453439837962154,0.49192019919999996
256x256,True,optimized,write_ms,15,0.413662001,0.6688410666666667,0.363164,4.309432998,1.0074309431469852,0.4504435994
256x256,True,optimized,overhead_ms,15,0.000275999,0.00030526613333333336,0.000241999,0.000521,7.251753759398644e-05,0.00037219879999999996
256x256,True,optimized,pipeline_ms,15,0.222560003,0.23181440026666666,0.219935998,0.368191987,0.03774499908931467,0.2235008036
256x256,True,optimized,peak_rss_mib,15,189.41796875,189.27213541666666,188.94140625,189.45703125,0.24263112211983637,189.45703125
256x256,True,optimized,device_buffer_mib,15,1.073974609,1.073974609,1.073974609,1.073974609,0.0,1.073974609
256x256,True,optimized,fresh_process_ms,3,206.10754000153975,204.93269299913663,202.0544359984342,206.63610299743596,2.506614695506096,206.5303903982567
256x256,True,graph_direct,total_ms,15,1.536830999,1.8451198662,1.421572998,5.556136999,1.047344495622747,2.0324309994
256x256,True,graph_direct,load_ms,15,0.891495001,0.9257753336666666,0.814854,1.52815,0.17282291407809447,0.9599228012
256x256,True,graph_direct,conversion_ms,15,0.265933,0.27483373293333335,0.258067999,0.365008999,0.02607209033817057,0.2819868
256x256,True,graph_direct,write_ms,15,0.372731,0.6442436671333334,0.334799003,4.380833998,1.034273099649372,0.4498252
256x256,True,graph_direct,overhead_ms,15,0.000227001,0.00026713273333333335,0.000184,0.000483003,8.788855271183474e-05,0.0003975994
256x256,True,graph_direct,pipeline_ms,15,0.219776005,0.22491520153333333,0.214432001,0.302688003,0.02170560578591386,0.2232320044
256x256,True,graph_direct,peak_rss_mib,15,189.83984375,189.76302083333334,189.57421875,189.875,0.1389852522540504,189.875
256x256,True,graph_direct,device_buffer_mib,15,1.073974609,1.073974609,1.073974609,1.073974609,0.0,1.073974609
256x256,True,graph_auto,total_ms,15,1.594480999,1.8791704667333333,1.442701999,5.563870002,1.0302494231381738,1.9293117986
256x256,True,graph_auto,load_ms,15,0.871622998,0.9275221335333333,0.829311002,1.144694999,0.09788156769801547,1.065484602
256x256,True,graph_auto,conversion_ms,15,0.266204,0.28857019953333335,0.257798001,0.405972,0.043753632443518195,0.3473117974
256x256,True,graph_auto,write_ms,15,0.3803,0.6628223334,0.339833003,4.474234,1.0553444348231305,0.47760919879999997
256x256,True,graph_auto,overhead_ms,15,0.000228003,0.0002558000666666667,0.000191998,0.000427,6.449829368226581e-05,0.0003250002
256x256,True,graph_auto,pipeline_ms,15,0.219071999,0.23637759793333335,0.212479994,0.339839995,0.040477517613146025,0.2989311876
256x256,True,graph_auto,peak_rss_mib,15,189.8515625,189.7734375,189.5703125,189.8984375,0.14998604845832447,189.8984375
256x256,True,graph_auto,device_buffer_mib,15,1.073974609,1.073974609,1.073974609,1.073974609,0.0,1.073974609
256x256,True,resident,execution_ms,100,0.21991650000000001,0.22058172002,0.216411002,0.302345999,0.008751817188072887,0.220937
256x256,True,resident,pipeline_ms,100,0.2150240015,0.21445440095,0.210943997,0.217087999,0.0013695956498376227,0.216064006
256x256,True,resident,device_buffer_mib,100,1.073974609,1.073974609,1.073974609,1.073974609,0.0,1.073974609
512x512,False,baseline,total_ms,15,9.653261997,9.683709932933333,8.941999,10.498715997,0.47709914177748586,10.305874201
512x512,False,baseline,load_ms,15,4.050719,3.9609767994666667,3.448746998,4.317408998,0.2770060049104438,4.2512134008
512x512,False,baseline,conversion_ms,15,1.037412997,1.0830116664666667,0.96706,1.516085003,0.14580216126058315,1.2344308
512x512,False,baseline,write_ms,15,4.664075002,4.638941733866667,4.034254,5.216388002,0.28696223013347544,4.9735798016
512x512,False,baseline,overhead_ms,15,0.000788998,0.0007797330666666667,0.000344001,0.001109,0.0002565210299414251,0.0010941986
512x512,False,baseline,pipeline_ms,15,0.226303995,0.23163733186666666,0.215327993,0.265087992,0.014705127754980854,0.2566143992
512x512,False,baseline,peak_rss_mib,15,180.8515625,180.86588541666666,180.74609375,181.0,0.10780589502714667,181.0
512x512,False,baseline,device_buffer_mib,15,7.280090332,7.280090332,7.280090332,7.280090332,0.0,7.280090332
512x512,False,baseline,fresh_process_ms,3,219.15062300104182,219.9505013328841,197.75486999787972,242.9460109997308,22.606186327454907,238.186933399993
512x512,False,optimized,total_ms,15,4.791673999,4.958889066466667,4.270195998,5.926007997,0.49188663476523176,5.6029641982
512x512,False,optimized,load_ms,15,3.323262002,3.4146676664,3.047155,4.022299998,0.31647745489731594,3.8533728012
512x512,False,optimized,conversion_ms,15,0.561221998,0.5689446666666667,0.429958001,0.730009001,0.07544941237245908,0.6449502006
512x512,False,optimized,write_ms,15,0.884803999,0.9748155332666666,0.792813998,1.993247002,0.29474860168568184,1.0472766009999999
512x512,False,optimized,overhead_ms,15,0.000477999,0.0004612,0.000268999,0.000595998,9.428676169840297e-05,0.000583601
512x512,False,optimized,pipeline_ms,15,0.097184002,0.1168191998,0.092096001,0.235679999,0.0482270027430775,0.18735359619999997
512x512,False,optimized,peak_rss_mib,15,189.7265625,189.81640625,189.703125,190.01953125,0.1490018056465676,190.01953125
512x512,False,optimized,device_buffer_mib,15,4.280517578,4.280517578,4.280517578,4.280517578,0.0,4.280517578
512x512,False,optimized,fresh_process_ms,3,222.57105400058208,221.19291366713392,212.62169200053904,228.38599500028067,7.971998830338799,227.22300680034095
512x512,False,graph_direct,total_ms,15,4.801174,4.6848813342,4.184161,5.825742003,0.4662990359174686,5.1174932014
512x512,False,graph_direct,load_ms,15,3.284133002,3.3804629345333335,3.089882001,3.988394,0.27834616312581767,3.7189226012
512x512,False,graph_direct,conversion_ms,15,0.263310999,0.3028152668,0.245174002,0.413546,0.059926685199778125,0.3696422002
512x512,False,graph_direct,write_ms,15,0.866457999,1.0011936656,0.802274998,2.481589999,0.4166675577596837,1.0353047976
512x512,False,graph_direct,overhead_ms,15,0.000284001,0.00040946726666666667,0.000209,0.000767,0.0001924699514486303,0.0007062026
512x512,False,graph_direct,pipeline_ms,15,0.098144002,0.1264319996,0.092032,0.177279994,0.040021992039577604,0.1758079978
512x512,False,graph_direct,peak_rss_mib,15,190.53125,190.71744791666666,190.1796875,191.44140625,0.5503153635829744,191.44140625
512x512,False,graph_direct,device_buffer_mib,15,4.280517578,4.280517578,4.280517578,4.280517578,0.0,4.280517578
512x512,False,graph_auto,total_ms,15,4.869362999,4.9767984656,4.435578998,6.142058998,0.46122135614475557,5.5254633991999995
512x512,False,graph_auto,load_ms,15,3.565678999,3.5910833998,3.247614,4.222498,0.2933708532565034,4.007055600199999
512x512,False,graph_auto,conversion_ms,15,0.368171003,0.3559936,0.269375999,0.402086999,0.045612019309565176,0.39644300120000003
512x512,False,graph_auto,write_ms,15,0.938995,1.0292693332,0.846628997,2.285864998,0.35173866330765585,1.0244205992
512x512,False,graph_auto,overhead_ms,15,0.000449002,0.00045213293333333336,0.000253998,0.000632998,0.0001144304501716883,0.0006039992
512x512,False,graph_auto,pipeline_ms,15,0.174015999,0.15921067,0.09104,0.187327996,0.03362045232238727,0.177555206
512x512,False,graph_auto,peak_rss_mib,15,190.11328125,190.10416666666666,189.92578125,190.2734375,0.14706296941645886,190.2734375
512x512,False,graph_auto,device_buffer_mib,15,4.280517578,4.280517578,4.280517578,4.280517578,0.0,4.280517578
512x512,False,resident,execution_ms,100,0.0939844995,0.09395330989,0.093331002,0.094807997,0.00033213614080780863,0.0943939011
512x512,False,resident,pipeline_ms,100,0.089072,0.08883487970000001,0.088064,0.090048,0.0004860300837515145,0.089088
512x512,False,resident,device_buffer_mib,100,4.280517578,4.280517578,4.280517578,4.280517578,0.0,4.280517578
512x512,True,baseline,total_ms,15,15.473116998,15.8659239998,14.484230999,18.197464,1.0283323781614302,17.0189923974
512x512,True,baseline,load_ms,15,3.689491,3.8470207333333333,3.634284999,4.310316999,0.2594910058895838,4.2748182016000005
512x512,True,baseline,conversion_ms,15,1.812380001,1.9554852002,1.651617002,2.667680003,0.28298785528858034,2.344749999
512x512,True,baseline,write_ms,15,9.706990998,10.062432066866666,9.045019999,11.564505,0.769332662095528,11.0647155992
512x512,True,baseline,overhead_ms,15,0.000951998,0.0009859994,0.000556,0.001484998,0.0002025722128821508,0.0011440013999999999
512x512,True,baseline,pipeline_ms,15,0.928575993,0.9792960009333334,0.912383974,1.363968015,0.12357500495017122,1.1055104018000002
512x512,True,baseline,peak_rss_mib,15,180.90234375,180.96484375,180.703125,181.2890625,0.2517940995231769,181.2890625
512x512,True,baseline,device_buffer_mib,15,8.280090332,8.280090332,8.280090332,8.280090332,0.0,8.280090332
512x512,True,baseline,fresh_process_ms,3,229.42907700053183,232.47350000140918,226.36999400128843,241.62142900240724,8.06863996932204,239.18295860203216
512x512,True,optimized,total_ms,15,6.828505002,6.614506799733333,5.888302002,7.276492998,0.5130633294232231,7.1745459992
512x512,True,optimized,load_ms,15,3.900144998,3.7819300665999998,3.349964,4.194554999,0.344835912145525,4.1832363988
512x512,True,optimized,conversion_ms,15,1.011487,1.0089541996,0.904565997,1.067738,0.04399800397994894,1.0495326002
512x512,True,optimized,write_ms,15,1.801319998,1.8231858662666667,1.575173002,2.373787001,0.22471703845950067,2.0569167984
512x512,True,optimized,overhead_ms,15,0.000380002,0.00043666719999999997,0.000308,0.000677001,0.00012405212576470771,0.0006134006
512x512,True,optimized,pipeline_ms,15,0.540000021,0.5398165424666667,0.536032021,0.545728028,0.003046719878820332,0.5438143972
512x512,True,optimized,peak_rss_mib,15,191.2265625,190.71354166666666,189.671875,191.2421875,0.7624505222774334,191.2421875
512x512,True,optimized,device_buffer_mib,15,4.281982422,4.281982422,4.281982422,4.281982422,0.0,4.281982422
512x512,True,optimized,fresh_process_ms,3,227.4825630011037,228.11387066637204,225.00753799977247,231.85151099823997,3.465386504721805,230.97772139881272
512x512,True,graph_direct,total_ms,15,6.379988,6.440592999,5.688005,7.082415998,0.35538811953999805,6.8299323983999995
512x512,True,graph_direct,load_ms,15,3.839267001,3.789726533,3.343224999,4.133852001,0.24445994749643593,4.0449642004
512x512,True,graph_direct,conversion_ms,15,0.794031002,0.8160785328,0.718366001,1.069867,0.07796977105977851,0.8595258006
512x512,True,graph_direct,write_ms,15,1.801804002,1.8342581335333332,1.537429001,2.324739002,0.21783273709123085,2.0948299988
512x512,True,graph_direct,overhead_ms,15,0.000535,0.0005297997333333334,0.000298999,0.000843,0.0001707453735882204,0.0007746
512x512,True,graph_direct,pipeline_ms,15,0.614175975,0.6279103954666667,0.535391986,0.885344028,0.07453627295209635,0.6316032054
512x512,True,graph_direct,peak_rss_mib,15,190.171875,190.25260416666666,190.015625,190.5703125,0.2417310406616106,190.5703125
512x512,True,graph_direct,device_buffer_mib,15,4.281982422,4.281982422,4.281982422,4.281982422,0.0,4.281982422
512x512,True,graph_auto,total_ms,15,5.720886998,5.745160933533334,5.266663,6.745220002,0.3767952712141177,6.1036694
512x512,True,graph_auto,load_ms,15,3.635071002,3.6076260668666666,3.310571,3.899253,0.17126670241847128,3.8324667997999997
512x512,True,graph_auto,conversion_ms,15,0.383917,0.4075781997333333,0.370486002,0.505460002,0.047571622299450174,0.4762148006
512x512,True,graph_auto,write_ms,15,1.664923001,1.7295623329333334,1.525403,2.736609999,0.29406777166503395,1.8219369982
512x512,True,graph_auto,overhead_ms,15,0.000379998,0.00039433366666666666,0.000271,0.000646003,0.00010868437528436358,0.0005292001999999999
512x512,True,graph_auto,pipeline_ms,15,0.217631996,0.23329706593333333,0.214399993,0.298559994,0.033503306220624585,0.2977087972
512x512,True,graph_auto,peak_rss_mib,15,198.0625,198.12630208333334,197.96875,198.34765625,0.16678796622941192,198.34765625
512x512,True,graph_auto,device_buffer_mib,15,6.172607422,6.172607422,6.172607422,6.172607422,0.0,6.172607422
512x512,True,resident,execution_ms,100,0.21783950149999998,0.22782006986,0.215879999,0.431173999,0.03968350527987161,0.2264208983
512x512,True,resident,pipeline_ms,100,0.2128000035,0.21408160103999999,0.210815996,0.239616007,0.004001706507802974,0.217087999
512x512,True,resident,device_buffer_mib,100,6.172607422,6.172607422,6.172607422,6.172607422,0.0,6.172607422
812x812,False,baseline,total_ms,15,21.807565,22.0115015328,20.498441,24.49681,1.2795701879137455,23.6045987988
812x812,False,baseline,load_ms,15,9.320869002,9.340982066733334,7.963886,10.277424,0.680028485972071,10.174347598599999
812x812,False,baseline,conversion_ms,15,2.292381998,2.3060699336666666,2.119429,2.558963999,0.11783945887651863,2.4443544016
812x812,False,baseline,write_ms,15,10.209036998,10.363489199733333,9.511839997,11.851300001,0.7345405218032666,11.1220772016
812x812,False,baseline,overhead_ms,15,0.000996001,0.0009603326666666667,0.000517,0.001192998,0.00021720131281097158,0.0011645986
812x812,False,baseline,pipeline_ms,15,0.523104012,0.5354538698666667,0.483328015,0.807936013,0.07758008595791199,0.534272015
812x812,False,baseline,peak_rss_mib,15,184.63671875,184.5,184.1875,184.67578125,0.22932144816916228,184.67578125
812x812,False,baseline,device_buffer_mib,15,18.275135994,18.275135994,18.275135994,18.275135994,0.0,18.275135994
812x812,False,baseline,fresh_process_ms,3,251.6295719979098,252.44425999941691,240.84206100087613,264.86114699946484,12.030249808576286,262.21483199915383
812x812,False,optimized,total_ms,15,11.422919001,11.4479632,10.793647002,12.575893,0.48242216817215183,12.0368481986
812x812,False,optimized,load_ms,15,8.508049,8.567844666933334,8.054175001,9.461523999,0.36172555089340674,8.9818623992
812x812,False,optimized,conversion_ms,15,0.822654001,0.8618448004666667,0.682955999,1.084259,0.11236681045458627,0.9691433988
812x812,False,optimized,write_ms,15,1.997846998,2.017745399533333,1.921175998,2.150331002,0.07278943517137422,2.1268083996
812x812,False,optimized,overhead_ms,15,0.000502001,0.0005283332,0.000359003,0.000907999,0.00013756751814612966,0.000664599
812x812,False,optimized,pipeline_ms,15,0.219648004,0.22805759906666667,0.207872003,0.309695989,0.024691467959388452,0.23893120280000002
812x812,False,optimized,peak_rss_mib,15,191.515625,191.4453125,191.21484375,191.60546875,0.17290554481408443,191.60546875
812x812,False,optimized,device_buffer_mib,15,10.75567627,10.75567627,10.75567627,10.75567627,0.0,10.75567627
812x812,False,optimized,fresh_process_ms,3,245.42931800169754,248.91815266770814,244.88149200260523,256.4436479988217,6.523023709544455,254.24078199939686
812x812,False,graph_direct,total_ms,15,10.714476001,10.766366333866667,10.38947,11.416864999,0.25727226345882614,10.9651860008
812x812,False,graph_direct,load_ms,15,8.149978999,8.168705133466666,7.910753001,8.484905999,0.1573779763253493,8.3420018006
812x812,False,graph_direct,conversion_ms,15,0.667380001,0.6532773338666666,0.550271001,0.799484,0.06834371003478355,0.7103929998
812x812,False,graph_direct,write_ms,15,1.944177002,1.9438302671333334,1.835126001,2.131949,0.06708801146711774,2.0006742012000003
812x812,False,graph_direct,overhead_ms,15,0.000592999,0.0005535994666666667,0.000381,0.000703,0.00012520586408897415,0.0006920008000000001
812x812,False,graph_direct,pipeline_ms,15,0.290784001,0.27632427006666666,0.207616001,0.317407995,0.0418406429045687,0.312243211
812x812,False,graph_direct,peak_rss_mib,15,191.78125,191.83723958333334,191.6875,192.04296875,0.1557026312696757,192.04296875
812x812,False,graph_direct,device_buffer_mib,15,10.75567627,10.75567627,10.75567627,10.75567627,0.0,10.75567627
812x812,False,graph_auto,total_ms,15,10.606382001,10.7376833334,10.151259001,11.669571999,0.4650633968331972,11.418231801
812x812,False,graph_auto,load_ms,15,8.056829002,8.1512338668,7.637293,9.07649,0.39239404004114375,8.6500138006
812x812,False,graph_auto,conversion_ms,15,0.655409001,0.6298706663333333,0.571107,0.681170002,0.04272794745304633,0.6770023992
812x812,False,graph_auto,write_ms,15,1.9355,1.9560692670666666,1.823948,2.198605999,0.09964899987121664,2.0594590016
812x812,False,graph_auto,overhead_ms,15,0.000569999,0.0005095332,0.000267003,0.000794999,0.00017347261280930117,0.00067
812x812,False,graph_auto,pipeline_ms,15,0.285472006,0.2651818673333333,0.223360002,0.317824006,0.0377276296850242,0.3126080036
812x812,False,graph_auto,peak_rss_mib,15,191.78125,191.78125,191.76171875,191.80078125,0.01650691903766634,191.80078125
812x812,False,graph_auto,device_buffer_mib,15,10.75567627,10.75567627,10.75567627,10.75567627,0.0,10.75567627
812x812,False,resident,execution_ms,100,0.210654501,0.22819332994,0.208342999,0.685830999,0.07006463100605662,0.226135999
812x812,False,resident,pipeline_ms,100,0.2055519965,0.20763903854000001,0.202751994,0.236543998,0.005791425665544471,0.212991998
812x812,False,resident,device_buffer_mib,100,10.75567627,10.75567627,10.75567627,10.75567627,0.0,10.75567627
812x812,True,baseline,total_ms,15,35.176254001,36.49533373326667,34.54843,41.606155001,2.3846670778837415,39.6173802004
812x812,True,baseline,load_ms,15,9.264095999,9.4628391998,8.805078,11.005199,0.6706093733205205,10.4445638
812x812,True,baseline,conversion_ms,15,4.564716,4.596864400266667,4.426325001,4.765211001,0.13336313042972156,4.7393901996
812x812,True,baseline,write_ms,15,21.430191997,22.434468065733334,20.961410001,26.387962997,1.8151891086118197,25.014533198200002
812x812,True,baseline,overhead_ms,15,0.000997003,0.0011620672,0.000681002,0.003320999,0.0006167132556838481,0.0012918017999999998
812x812,True,baseline,pipeline_ms,15,2.549727917,2.613077354466667,2.5180161,2.744319916,0.10322207390571789,2.732979202
812x812,True,baseline,peak_rss_mib,15,184.36328125,184.29166666666666,184.01953125,184.4921875,0.20649709281163678,184.4921875
812x812,True,baseline,device_buffer_mib,15,20.790333748,20.790333748,20.790333748,20.790333748,0.0,20.790333748
812x812,True,baseline,fresh_process_ms,3,244.73008600034518,240.43915633471138,225.78236700064735,250.80501600314165,13.05152477000558,249.59003000258235
812x812,True,optimized,total_ms,15,14.198814999,14.166293466066668,13.416033998,14.936776999,0.4119602526670344,14.652654798999999
812x812,True,optimized,load_ms,15,8.466555003,8.4145826662,7.671852998,8.983054999,0.32099443028902463,8.7441216002
812x812,True,optimized,conversion_ms,15,2.096737999,2.0727081328666666,1.896375,2.245563,0.10753033059012675,2.2209347993999997
812x812,True,optimized,write_ms,15,3.681508001,3.6784613999333335,3.504356001,3.942709997,0.12959360906923745,3.8487719998
812x812,True,optimized,overhead_ms,15,0.000514999,0.000541267,0.000344999,0.000828002,0.00013906977608740153,0.0006924004
812x812,True,optimized,pipeline_ms,15,1.423392057,1.4211199919333333,1.229311943,1.544319987,0.11047609937596033,1.5413695578
812x812,True,optimized,peak_rss_mib,15,191.54296875,191.59765625,191.484375,191.765625,0.1254091379023859,191.765625
812x812,True,optimized,device_buffer_mib,15,10.757141113,10.757141113,10.757141113,10.757141113,0.0,10.757141113
812x812,True,optimized,fresh_process_ms,3,238.0373480009439,237.04706966721764,230.27219700088608,242.83166399982292,6.338023446472223,241.87280080004712
812x812,True,graph_direct,total_ms,15,14.116501,14.464889800066667,13.314893,16.899463002,1.1318227816381181,15.7154014004
812x812,True,graph_direct,load_ms,15,8.455249,8.793013533533333,8.027004,10.055121999,0.6840441810614265,9.6401738006
812x812,True,graph_direct,conversion_ms,15,1.767967999,1.8014649334,1.565331999,1.964822002,0.14807312693095537,1.962027801
812x812,True,graph_direct,write_ms,15,3.741798997,3.8694636662,3.470931999,4.895943001,0.37495824728383764,4.2059436
812x812,True,graph_direct,overhead_ms,15,0.000746001,0.0009476669333333334,0.000482999,0.003285002,0.000682404043387312,0.0011804014
812x812,True,graph_direct,pipeline_ms,15,1.412063956,1.4312000035333334,1.219071984,1.585728049,0.1362064175006374,1.5825983998000002
812x812,True,graph_direct,peak_rss_mib,15,191.81640625,191.83203125,191.6953125,191.984375,0.12268539235235704,191.984375
812x812,True,graph_direct,device_buffer_mib,15,10.757141113,10.757141113,10.757141113,10.757141113,0.0,10.757141113
812x812,True,graph_auto,total_ms,15,13.162071999,13.607582400466667,12.832940001,14.736960001,0.6814960278588333,14.4859028
812x812,True,graph_auto,load_ms,15,8.364344001,8.626661866866666,8.068629,9.499080002,0.5176881856711038,9.3083036026
812x812,True,graph_auto,conversion_ms,15,1.224250998,1.2314809996,1.126529001,1.349434998,0.07104586802673028,1.3048228006
812x812,True,graph_auto,write_ms,15,3.689093001,3.7488596666666667,3.495205,4.152153999,0.2283245564331504,4.0139970004
812x812,True,graph_auto,overhead_ms,15,0.000610001,0.0005798672666666667,0.000379,0.000814002,0.00012064374288284059,0.0006978008
812x812,True,graph_auto,pipeline_ms,15,0.854080021,0.873344004,0.772927999,0.988319993,0.06919189143697815,0.9444799778
812x812,True,graph_auto,peak_rss_mib,15,200.31640625,207.40364583333334,200.12109375,221.7734375,10.517934382714268,221.7734375
812x812,True,graph_auto,device_buffer_mib,15,18.532104492,18.532104492,18.532104492,18.532104492,0.0,18.532104492
812x812,True,resident,execution_ms,100,0.8070485030000001,0.82800520986,0.773479998,1.034596,0.06390258343138162,0.9024623018000006
812x812,True,resident,pipeline_ms,100,0.7997120025,0.80166816175,0.768000007,0.889855981,0.019835667584117464,0.8213247955
812x812,True,resident,device_buffer_mib,100,18.532104492,18.532104492,18.532104492,18.532104492,0.0,18.532104492
1000x1250,False,baseline,total_ms,15,38.54022,39.14895953333333,36.624095,42.653039999,1.8570375522516787,41.9438557998
1000x1250,False,baseline,load_ms,15,16.845817,17.178736733333334,15.846297998,19.110218,1.0264800701605883,18.6890565996
1000x1250,False,baseline,conversion_ms,15,3.167760998,3.324164999666667,3.058350999,3.682905,0.2578770981946561,3.6513223996
1000x1250,False,baseline,write_ms,15,18.554954,18.6452436004,17.625004001,20.135316998,0.7615657127989278,19.5487854014
1000x1250,False,baseline,overhead_ms,15,0.000889998,0.0008142002666666667,0.000455,0.001068998,0.0001950047970898836,0.0009896002
1000x1250,False,baseline,pipeline_ms,15,0.838464022,0.909864537,0.830335975,1.028095961,0.09453093945126978,1.0258944272
1000x1250,False,baseline,peak_rss_mib,15,189.10546875,189.17317708333334,189.0859375,189.328125,0.11371018955204194,189.328125
1000x1250,False,baseline,device_buffer_mib,15,34.688137054,34.688137054,34.688137054,34.688137054,0.0,34.688137054
1000x1250,False,baseline,fresh_process_ms,3,238.67732100188732,240.59649866709756,237.67641499944148,245.43575999996392,4.220697915305544,244.0840722003486
1000x1250,False,optimized,total_ms,15,20.284688998,20.2362006664,19.625653002,20.692768,0.2456020600633689,20.4245022002
1000x1250,False,optimized,load_ms,15,15.347538002,15.355012599933334,14.810090002,15.672018997,0.2164521777428695,15.5611995994
1000x1250,False,optimized,conversion_ms,15,1.202578001,1.2136337993333333,1.072691001,1.529461,0.1146142808302987,1.2846520006
1000x1250,False,optimized,write_ms,15,3.637889002,3.6669836007333334,3.542285003,3.897602998,0.1056308236135169,3.8257567989999997
1000x1250,False,optimized,overhead_ms,15,0.000555001,0.0005706664666666666,0.000377998,0.000815,0.00012610917474659275,0.0007487982
1000x1250,False,optimized,pipeline_ms,15,0.360064,0.3829269290666667,0.350015998,0.571392,0.05660273224537941,0.41899519
1000x1250,False,optimized,peak_rss_mib,15,193.8515625,193.92838541666666,193.828125,194.10546875,0.12998958559904447,194.10546875
1000x1250,False,optimized,device_buffer_mib,15,20.392089844,20.392089844,20.392089844,20.392089844,0.0,20.392089844
1000x1250,False,optimized,fresh_process_ms,3,223.19148600217886,222.40315699915905,211.50436499738134,232.51361999791698,10.52678943848192,230.64919319876935
1000x1250,False,graph_direct,total_ms,15,19.806972999,19.890855399933333,18.807728,22.51458,0.9307757567256398,20.8776492014
1000x1250,False,graph_direct,load_ms,15,15.048226997,15.201808866666667,14.273355,17.43149,0.7606391593258374,15.8795733994
1000x1250,False,graph_direct,conversion_ms,15,1.005113002,0.9962810002666667,0.910611998,1.100438002,0.05647572771160952,1.0702148005999998
1000x1250,False,graph_direct,write_ms,15,3.654295001,3.6921696664666666,3.492935002,4.188925002,0.1887942052314931,3.9196025988
1000x1250,False,graph_direct,overhead_ms,15,0.000577997,0.0005958666666666667,0.000315998,0.000925001,0.00018225363162427817,0.0008550001999999999
1000x1250,False,graph_direct,pipeline_ms,15,0.427392006,0.41973973113333335,0.346560001,0.516543984,0.05894082907210605,0.509753597
1000x1250,False,graph_direct,peak_rss_mib,15,194.2109375,194.20703125,194.046875,194.36328125,0.13373660908015775,194.36328125
1000x1250,False,graph_direct,device_buffer_mib,15,20.392089844,20.392089844,20.392089844,20.392089844,0.0,20.392089844
1000x1250,False,graph_auto,total_ms,15,19.735234,20.443626866266666,18.829606999,23.560380999,1.6619084050737905,22.7167204008
1000x1250,False,graph_auto,load_ms,15,15.108441997,15.7271475994,14.355921999,18.887071997,1.4424300023014172,17.5717333994
1000x1250,False,graph_auto,conversion_ms,15,1.002646998,0.9842762668666667,0.911444001,1.037964001,0.04133006670941679,1.0205628011999999
1000x1250,False,graph_auto,write_ms,15,3.615532,3.7316042666,3.409448002,4.215756997,0.2885869025886047,4.1843867998
1000x1250,False,graph_auto,overhead_ms,15,0.000585001,0.0005987336,0.000368003,0.000845999,0.00014249371553099656,0.0008054002
1000x1250,False,graph_auto,pipeline_ms,15,0.427296013,0.3993919989333333,0.348544002,0.442847997,0.0409415060944274,0.4349888028
1000x1250,False,graph_auto,peak_rss_mib,15,194.13671875,194.09765625,193.984375,194.171875,0.08423382286268681,194.171875
1000x1250,False,graph_auto,device_buffer_mib,15,20.392089844,20.392089844,20.392089844,20.392089844,0.0,20.392089844
1000x1250,False,resident,execution_ms,100,0.34936349850000004,0.35960010013,0.346770998,0.540249001,0.028375190814135552,0.3852081009
1000x1250,False,resident,pipeline_ms,100,0.344063997,0.35059039908,0.340992004,0.397215992,0.013574884646421318,0.378879994
1000x1250,False,resident,device_buffer_mib,100,20.392089844,20.392089844,20.392089844,20.392089844,0.0,20.392089844
1000x1250,True,baseline,total_ms,15,61.042806998,61.56126779946667,59.908944998,64.264856998,1.57124926047375,63.7616822012
1000x1250,True,baseline,load_ms,15,16.680071998,16.711122399733334,16.101137001,17.374097999,0.4110650698921675,17.204257600000002
1000x1250,True,baseline,conversion_ms,15,6.804619998,7.0811525998,6.502145998,8.197719,0.6235383855828416,8.079800000199999
1000x1250,True,baseline,write_ms,15,37.343849,37.76810533373333,36.575629,39.561068002,1.0528747244952392,39.157601401
1000x1250,True,baseline,overhead_ms,15,0.000889,0.0008874660666666667,0.000622001,0.001141999,0.00013166756020993971,0.0010453982
1000x1250,True,baseline,pipeline_ms,15,4.141823769,4.410122648933333,4.034560204,5.292031765,0.45337063126554966,5.0724480628
1000x1250,True,baseline,peak_rss_mib,15,189.08203125,189.07291666666666,188.9765625,189.16015625,0.07786881358950007,189.16015625
1000x1250,True,baseline,device_buffer_mib,15,39.456508636,39.456508636,39.456508636,39.456508636,0.0,39.456508636
1000x1250,True,baseline,fresh_process_ms,3,288.6239609979384,287.20040799938334,271.14978399913525,301.8274790010764,15.388311148816914,299.1867754004488
1000x1250,True,optimized,total_ms,15,24.832662001,24.837655200533334,23.682202,26.341640003,0.7192451180584708,25.6260139996
1000x1250,True,optimized,load_ms,15,15.235234998,15.353350400066667,14.542992,16.700339001,0.650095901026254,16.227387801
1000x1250,True,optimized,conversion_ms,15,2.838102002,2.866757600266667,2.753022,2.984963,0.07438622617499889,2.963137998
1000x1250,True,optimized,write_ms,15,6.648460001,6.616775933466666,6.280312002,7.212995999,0.28603858947258204,6.9836613988
1000x1250,True,optimized,overhead_ms,15,0.000741001,0.0007712669333333333,0.000537999,0.001104001,0.00018652238112028526,0.0010294
1000x1250,True,optimized,pipeline_ms,15,1.901247978,1.9223637263333333,1.86361599,2.004607916,0.05869703306319108,2.003238392
1000x1250,True,optimized,peak_rss_mib,15,193.55859375,193.68619791666666,193.49609375,194.00390625,0.23403372971506745,194.00390625
1000x1250,True,optimized,device_buffer_mib,15,20.393554688,20.393554688,20.393554688,20.393554688,0.0,20.393554688
1000x1250,True,optimized,fresh_process_ms,3,250.08092599819065,250.9241189994403,245.78280499918037,256.9086260009499,5.610633125492271,255.54308600039803
1000x1250,True,graph_direct,total_ms,15,24.548939001,25.284698266466666,21.184561998,28.718363002,2.3072197991128327,28.3742684002
1000x1250,True,graph_direct,load_ms,15,15.355664,15.692540666333333,12.652974997,18.116220001,1.6246851195114103,17.8805459988
1000x1250,True,graph_direct,conversion_ms,15,2.559221003,2.5540284669333335,2.466293,2.672964003,0.052386652722321604,2.5945441994
1000x1250,True,graph_direct,write_ms,15,6.765039999,7.0372909334,6.037974998,8.110886998,0.734263802860016,7.9355383994
1000x1250,True,graph_direct,overhead_ms,15,0.000892997,0.0008381995333333333,0.000338998,0.001145002,0.00024099495383835817,0.0011129982
1000x1250,True,graph_direct,pipeline_ms,15,1.967808008,1.9449621358666667,1.864447951,1.975200057,0.034504952041597696,1.9739647624
1000x1250,True,graph_direct,peak_rss_mib,15,194.27734375,194.24609375,194.15625,194.3046875,0.06676635554872624,194.3046875
1000x1250,True,graph_direct,device_buffer_mib,15,20.393554688,20.393554688,20.393554688,20.393554688,0.0,20.393554688
1000x1250,True,graph_auto,total_ms,15,25.040307,24.937090933133334,22.611456003,27.410688002,1.5466274608878459,26.7393661986
1000x1250,True,graph_auto,load_ms,15,16.106146,16.150428533266666,14.530958001,17.763222001,1.0553025190882859,17.3412502
1000x1250,True,graph_auto,conversion_ms,15,1.792314999,1.7945749332666667,1.740919001,1.870498002,0.03474155254599642,1.8276991996
1000x1250,True,graph_auto,write_ms,15,6.991477001,6.9912578004,6.257810999,7.853911001,0.5096659369553487,7.5898628004
1000x1250,True,graph_auto,overhead_ms,15,0.000695001,0.0008296660666666666,0.000425,0.001323998,0.00034117019583538124,0.0012789994
1000x1250,True,graph_auto,pipeline_ms,15,1.20720005,1.2032725334666667,1.11907196,1.277536035,0.03584050176141787,1.2244160178
1000x1250,True,graph_auto,peak_rss_mib,15,202.6796875,210.84244791666666,202.328125,227.51953125,12.207279164149206,227.51953125
1000x1250,True,graph_auto,device_buffer_mib,15,34.173583984,34.173583984,34.173583984,34.173583984,0.0,34.173583984
1000x1250,True,resident,execution_ms,100,1.1845260005,1.20631731989,1.148375999,1.423269,0.06253507282057015,1.2577932981000002
1000x1250,True,resident,pipeline_ms,100,1.1781120299999999,1.183374083,1.143615961,1.281888008,0.0215719744357368,1.1992799993999999
1000x1250,True,resident,device_buffer_mib,100,34.173583984,34.173583984,34.173583984,34.173583984,0.0,34.173583984
1920x1080,False,baseline,total_ms,15,56.987825997,58.370262332866666,54.333372001,67.069894999,3.64575635513227,63.8096136
1920x1080,False,baseline,load_ms,15,27.123842999,27.6999376662,25.129718002,32.878614999,2.144863492615596,30.777325400400002
1920x1080,False,baseline,conversion_ms,15,4.804648001,4.7228829334,4.286856003,5.233716,0.298644537440905,5.0131606006
1920x1080,False,baseline,write_ms,15,25.378430001,25.946274133266666,24.320523001,29.901585001,1.7069713728723128,28.6822951996
1920x1080,False,baseline,overhead_ms,15,0.001173001,0.0011675999333333332,0.000811998,0.001489002,0.0002052032861827742,0.0014247992
1920x1080,False,baseline,pipeline_ms,15,1.450943947,1.4288213332,1.274880052,1.580000043,0.11257054617726113,1.5517695904
1920x1080,False,baseline,peak_rss_mib,15,195.30078125,195.21223958333334,194.96875,195.3671875,0.18041189065113877,195.3671875
1920x1080,False,baseline,device_buffer_mib,15,57.537124634,57.537124634,57.537124634,57.537124634,0.0,57.537124634
1920x1080,False,baseline,fresh_process_ms,3,265.49190700097824,271.28683000046294,261.007155997504,287.36142700290657,14.100452102114241,282.9875230025209
1920x1080,False,baseline,stage:luminance,5,0.071680002,0.071884802,0.069632001,0.075776003,0.0023350799283965618,0.0741376026
1920x1080,False,baseline,stage:gaussian_narrow,5,0.363519996,0.3631423948,0.362527996,0.363519996,0.0005181644094370039,0.363519996
1920x1080,False,baseline,stage:gaussian_wide,5,0.468991995,0.4696640014,0.468255997,0.47104001,0.0012915553538514447,0.47104001
1920x1080,False,baseline,stage:dog_threshold,5,0.097280003,0.097907202,0.095296003,0.103423998,0.0031924369074431205,0.1009664
1920x1080,False,baseline,stage:sobel_directions,5,0.161791995,0.16143999679999999,0.160768002,0.161791995,0.0004926309612775043,0.161791995
1920x1080,False,baseline,stage:cell_voting_and_fill,5,0.026624,0.026624,0.026624,0.026624,0.0,0.026624
1920x1080,False,baseline,stage:bloom_bright_pass,5,0.0,0.0,0.0,0.0,0.0,0.0
1920x1080,False,baseline,stage:bloom_blur,5,0.0,0.0,0.0,0.0,0.0,0.0
1920x1080,False,baseline,stage:render_and_combine,5,0.088064,0.0876864002,0.08704,0.088064,0.0005201351332107841,0.088064
1920x1080,False,baseline,stage:normalize_and_encode,5,0.128000006,0.1282048046,0.128000006,0.129023999,0.0004579435912967888,0.1286144018
1920x1080,False,optimized,total_ms,15,31.687077001,32.48586520006667,30.864298999,37.796987001,1.9862420235253506,35.314813199
1920x1080,False,optimized,load_ms,15,24.708697002,25.1661188004,23.982825998,28.302340999,1.379548361942471,27.5523308008
1920x1080,False,optimized,conversion_ms,15,1.812969998,1.8123858665333332,1.730863001,2.010640997,0.07304550471507804,1.8753954002
1920x1080,False,optimized,write_ms,15,5.266714998,5.5064997998,5.039590999,7.943231001,0.7242147354946112,5.8593887982
1920x1080,False,optimized,overhead_ms,15,0.000827,0.0008607332666666666,0.000562001,0.001212999,0.00015662810248459185,0.0010541988
1920x1080,False,optimized,pipeline_ms,15,0.545599997,0.5686762611333334,0.542079985,0.639840007,0.03282396341194035,0.6036096096
1920x1080,False,optimized,peak_rss_mib,15,198.79296875,198.75130208333334,198.6484375,198.8125,0.07574020120449261,198.8125
1920x1080,False,optimized,device_buffer_mib,15,33.807373047,33.807373047,33.807373047,33.807373047,0.0,33.807373047
1920x1080,False,optimized,fresh_process_ms,3,252.87710600241553,250.10500000037914,242.33898199963733,255.09891199908452,6.816698773056707,254.65455079975072
1920x1080,False,optimized,stage:luminance,5,0.063936003,0.0630784,0.060288001,0.065504,0.002114592132777622,0.06495359880000001
1920x1080,False,optimized,stage:gaussian_narrow,5,0.148479998,0.1489280016,0.147648007,0.151552007,0.0015104562383678269,0.1503232034
1920x1080,False,optimized,stage:gaussian_wide_and_dog,5,0.187391996,0.1892351982,0.186368003,0.197632,0.004714850788562687,0.1935359984
1920x1080,False,optimized,stage:dog_threshold_fused,5,0.0,0.0,0.0,0.0,0.0,0.0
1920x1080,False,optimized,stage:sobel_and_cell_voting,5,0.101375997,0.100966397,0.100351997,0.101375997,0.0005608678988852885,0.101375997
1920x1080,False,optimized,stage:generic_cell_voting_and_fill,5,0.0,0.0,0.0,0.0,0.0,0.0
1920x1080,False,optimized,stage:bright_pass_fused,5,0.0,0.0,0.0,0.0,0.0,0.0
1920x1080,False,optimized,stage:bloom_blur,5,0.0,0.0,0.0,0.0,0.0,0.0
1920x1080,False,optimized,stage:render_and_combine,5,0.089088,0.0894976004,0.089088,0.090112001,0.0005608684466078457,0.090112001
1920x1080,False,optimized,stage:normalize_and_encode,5,0.001024,0.0012288,0.001024,0.002048,0.0004579467217919569,0.0016384
1920x1080,False,graph_direct,total_ms,15,31.835464999,31.892120866533332,31.026032001,32.905488003,0.6028441122447693,32.655027200199996
1920x1080,False,graph_direct,load_ms,15,25.161290001,25.188802800266668,24.382569,26.113013003,0.6003836701059575,26.0145248018
1920x1080,False,graph_direct,conversion_ms,15,1.479332998,1.5147461993333333,1.464161001,1.608501997,0.05963635345426242,1.595645
1920x1080,False,graph_direct,write_ms,15,5.188117001,5.187778533666666,5.048752002,5.312648002,0.07422140199830511,5.279801401399999
1920x1080,False,graph_direct,overhead_ms,15,0.000817999,0.0007933329333333334,0.000494,0.001111999,0.00016963430653423964,0.000995399
1920x1080,False,graph_direct,pipeline_ms,15,0.623583972,0.6588159958,0.614207983,0.738784015,0.05534179333832688,0.7351167796
1920x1080,False,graph_direct,peak_rss_mib,15,198.796875,198.8671875,198.77734375,199.02734375,0.11751256997258847,199.02734375
1920x1080,False,graph_direct,device_buffer_mib,15,33.807373047,33.807373047,33.807373047,33.807373047,0.0,33.807373047
1920x1080,False,graph_direct,stage:luminance,5,0.153791994,0.1541567982,0.149664,0.163039997,0.005400542440311823,0.1595455974
1920x1080,False,graph_direct,stage:gaussian_narrow,5,0.149504006,0.1562624006,0.148479998,0.167935997,0.010204097014357363,0.1675263998
1920x1080,False,graph_direct,stage:gaussian_wide_and_dog,5,0.186368003,0.19292160260000002,0.185343996,0.214016005,0.012129107955724333,0.2054144054
1920x1080,False,graph_direct,stage:dog_threshold_fused,5,0.0,0.0,0.0,0.0,0.0,0.0
1920x1080,False,graph_direct,stage:sobel_and_cell_voting,5,0.100543998,0.10079999719999999,0.100351997,0.101375997,0.000531623806841077,0.101375997
1920x1080,False,graph_direct,stage:generic_cell_voting_and_fill,5,0.0,0.0,0.0,0.0,0.0,0.0
1920x1080,False,graph_direct,stage:bright_pass_fused,5,0.0,0.0,0.0,0.0,0.0,0.0
1920x1080,False,graph_direct,stage:bloom_blur,5,0.0,0.0,0.0,0.0,0.0,0.0
1920x1080,False,graph_direct,stage:render_and_combine,5,0.089088,0.0892928002,0.089088,0.090112001,0.0004579471690055509,0.0897024006
1920x1080,False,graph_direct,stage:normalize_and_encode,5,0.001024,0.0012288,0.001024,0.002048,0.0004579467217919569,0.0016384
1920x1080,False,graph_auto,total_ms,15,32.760694999,33.32415053373333,30.873541001,37.783612002,2.389977961474761,36.7801294
1920x1080,False,graph_auto,load_ms,15,25.851744,26.284314933133334,24.273456,29.95998,1.985612777817887,29.1402664004
1920x1080,False,graph_auto,conversion_ms,15,1.498353999,1.5211526671333333,1.456911001,1.693368003,0.059623932889875955,1.5632303986
1920x1080,False,graph_auto,write_ms,15,5.425659999,5.517756332666667,5.054464001,6.140459999,0.40685560304068624,6.1229561996
1920x1080,False,graph_auto,overhead_ms,15,0.000989001,0.0009266008,0.000522003,0.001607001,0.0002667961240918937,0.001115601
1920x1080,False,graph_auto,pipeline_ms,15,0.625855982,0.6472234685333333,0.617215991,0.691488028,0.032787501661065074,0.6893183942
1920x1080,False,graph_auto,peak_rss_mib,15,199.09765625,199.08463541666666,199.05859375,199.09765625,0.019060548299776037,199.09765625
1920x1080,False,graph_auto,device_buffer_mib,15,33.807373047,33.807373047,33.807373047,33.807373047,0.0,33.807373047
1920x1080,False,graph_auto,stage:luminance,5,0.163647994,0.1584895996,0.147551998,0.165920004,0.009164951363625827,0.1658816008
1920x1080,False,graph_auto,stage:gaussian_narrow,5,0.157695994,0.1546240002,0.147456005,0.159743994,0.005701385992899816,0.1593343972
1920x1080,False,graph_auto,stage:gaussian_wide_and_dog,5,0.205824003,0.1984511974,0.185343996,0.206847996,0.011062045245107696,0.206847996
1920x1080,False,graph_auto,stage:dog_threshold_fused,5,0.0,0.0,0.0,0.0,0.0,0.0
1920x1080,False,graph_auto,stage:sobel_and_cell_voting,5,0.113664001,0.1085439994,0.100351997,0.113664001,0.007020192498785545,0.113664001
1920x1080,False,graph_auto,stage:generic_cell_voting_and_fill,5,0.0,0.0,0.0,0.0,0.0,0.0
1920x1080,False,graph_auto,stage:bright_pass_fused,5,0.0,0.0,0.0,0.0,0.0,0.0
1920x1080,False,graph_auto,stage:bloom_blur,5,0.0,0.0,0.0,0.0,0.0,0.0
1920x1080,False,graph_auto,stage:render_and_combine,5,0.101375997,0.09670399860000001,0.089088,0.102399997,0.0069630692956484585,0.10206719780000001
1920x1080,False,graph_auto,stage:normalize_and_encode,5,0.001024,0.0012288,0.001024,0.002048,0.0004579467217919569,0.0016384
1920x1080,False,resident,execution_ms,100,0.634845501,0.65558580989,0.632691,0.889909998,0.06609124530822688,0.6531800009000001
1920x1080,False,resident,pipeline_ms,100,0.628736019,0.6304681639999999,0.626688004,0.656095982,0.004774701683709016,0.632831991
1920x1080,False,resident,device_buffer_mib,100,33.807373047,33.807373047,33.807373047,33.807373047,0.0,33.807373047
1920x1080,True,baseline,total_ms,15,92.241891,93.09784713273334,91.337559,97.285429999,1.6329446098241538,94.88411199859999
1920x1080,True,baseline,load_ms,15,26.674195003,27.050104399533332,25.657095999,31.810357001,1.4212113376890048,27.6534797988
1920x1080,True,baseline,conversion_ms,15,11.679189,11.553463466866667,11.139781002,12.446447998,0.37013741009675805,11.859033998
1920x1080,True,baseline,write_ms,15,54.205643997,54.49314506626666,52.981373999,58.076795001,1.2456969267449485,55.6758078002
1920x1080,True,baseline,overhead_ms,15,0.001115002,0.0011342002,0.000827,0.001357,0.00015062424601646499,0.0013363984
1920x1080,True,baseline,pipeline_ms,15,7.984127998,7.8994943300000005,7.577600002,8.67225647,0.31940123470076875,8.2089981076
1920x1080,True,baseline,peak_rss_mib,15,195.1484375,195.15625,195.0390625,195.28125,0.10250251793510105,195.28125
1920x1080,True,baseline,device_buffer_mib,15,65.447280884,65.447280884,65.447280884,65.447280884,0.0,65.447280884
1920x1080,True,baseline,fresh_process_ms,3,311.43235199851915,312.1165006668889,300.26818700207514,324.6489630000724,12.204777921636014,322.00564079976175
1920x1080,True,baseline,stage:luminance,5,0.070656002,0.0722944024,0.070656002,0.074752003,0.002243472143263719,0.074752003
1920x1080,True,baseline,stage:gaussian_narrow,5,0.360704005,0.4025344016,0.360448003,0.569599986,0.09339344380984396,0.48634879599999997
1920x1080,True,baseline,stage:gaussian_wide,5,0.464895993,0.4653439996,0.464895993,0.466944009,0.0008982887197787748,0.4662016094
1920x1080,True,baseline,stage:dog_threshold,5,0.098304003,0.100147201,0.097280003,0.104447998,0.0035026162016423513,0.104038398
1920x1080,True,baseline,stage:sobel_directions,5,0.159743994,0.159743994,0.159743994,0.159743994,0.0,0.159743994
1920x1080,True,baseline,stage:cell_voting_and_fill,5,0.026624,0.026214400199999998,0.024576001,0.026624,0.0009158929963703176,0.026624
1920x1080,True,baseline,stage:bloom_bright_pass,5,0.063487999,0.0635519994,0.061439998,0.065856002,0.0017232540474353439,0.0653184008
1920x1080,True,baseline,stage:bloom_blur,5,5.741568089,5.8450366974,5.736447811,6.265855789,0.23525741489516108,6.0565502166
1920x1080,True,baseline,stage:render_and_combine,5,0.095232002,0.0956416024,0.095232002,0.096256003,0.0005608684466078533,0.096256003
1920x1080,True,baseline,stage:normalize_and_encode,5,0.123903997,0.1239487976,0.123007998,0.124927998,0.0006801788329552032,0.124556798
1920x1080,True,optimized,total_ms,15,40.099385001,40.98662379973334,37.181104999,48.270296,2.9237398702275605,44.917242798
1920x1080,True,optimized,load_ms,15,25.186544001,25.531696133333334,22.429628,30.628949001,2.0302915710182003,28.126401199999997
1920x1080,True,optimized,conversion_ms,15,5.022166997,4.999073266266667,4.776639998,5.419700999,0.17848086156642332,5.1524751986
1920x1080,True,optimized,write_ms,15,10.244529001,10.455085533866667,9.719082002,12.501538001,0.8612921771420537,11.713255199799999
1920x1080,True,optimized,overhead_ms,15,0.000757001,0.0007688664,0.000627,0.000937,9.239803348618567e-05,0.0008766004
1920x1080,True,optimized,pipeline_ms,15,3.779423952,3.769994688,3.584448099,4.182464123,0.166541105362387,3.8868736264
1920x1080,True,optimized,peak_rss_mib,15,198.7421875,198.71614583333334,198.58984375,198.81640625,0.09761904053017904,198.81640625
1920x1080,True,optimized,device_buffer_mib,15,33.808837891,33.808837891,33.808837891,33.808837891,0.0,33.808837891
1920x1080,True,optimized,fresh_process_ms,3,261.2989450026362,263.25236333408003,256.6300640028203,271.8280809967837,7.7850377340392996,269.7222537979542
1920x1080,True,optimized,stage:luminance,5,0.063199997,0.0628799996,0.059712,0.065471999,0.002462857322705642,0.0652544006
1920x1080,True,optimized,stage:gaussian_narrow,5,0.148479998,0.1490943998,0.148479998,0.150527999,0.0009158947293287554,0.1501184018
1920x1080,True,optimized,stage:gaussian_wide_and_dog,5,0.186368003,0.1859584002,0.185343996,0.186368003,0.000560871732943189,0.186368003
1920x1080,True,optimized,stage:dog_threshold_fused,5,0.0,0.0,0.0,0.0,0.0,0.0
1920x1080,True,optimized,stage:sobel_and_cell_voting,5,0.100351997,0.0999423966,0.099327996,0.100351997,0.0005608684466078457,0.100351997
1920x1080,True,optimized,stage:generic_cell_voting_and_fill,5,0.0,0.0,0.0,0.0,0.0,0.0
1920x1080,True,optimized,stage:bright_pass_fused,5,0.0,0.0,0.0,0.0,0.0,0.0
1920x1080,True,optimized,stage:bloom_blur,5,2.763776064,2.763776064,2.762752056,2.764800072,0.0007240830007892103,2.7643904688
1920x1080,True,optimized,stage:render_and_combine,5,0.107519999,0.107110399,0.106495999,0.107519999,0.0005608678988852961,0.107519999
1920x1080,True,optimized,stage:normalize_and_encode,5,0.049152002,0.0487424016,0.048128001,0.049152002,0.0005608684466078495,0.049152002
1920x1080,True,graph_direct,total_ms,15,40.163908999,39.904405666866666,37.147050001,43.149207,1.490258796226867,41.030212001399995
1920x1080,True,graph_direct,load_ms,15,25.238947999,24.842444200333333,22.90619,26.051414002,0.9738756922848237,25.6850906008
1920x1080,True,graph_direct,conversion_ms,15,4.669293001,4.7415726004,4.550439999,5.169321001,0.18086517709526795,4.918998401
1920x1080,True,graph_direct,write_ms,15,10.150930997,10.319640732666667,9.120846998,12.264940999,0.7212093540620028,11.0831225992
1920x1080,True,graph_direct,overhead_ms,15,0.000762001,0.0007481335333333333,0.000489,0.001101997,0.0001613538344689648,0.0009204018
1920x1080,True,graph_direct,pipeline_ms,15,3.776864052,3.8775509516666666,3.696511984,4.288191795,0.17635367642226688,4.04809618
1920x1080,True,graph_direct,peak_rss_mib,15,199.125,198.99348958333334,198.6953125,199.16015625,0.21874833917311698,199.16015625
1920x1080,True,graph_direct,device_buffer_mib,15,33.808837891,33.808837891,33.808837891,33.808837891,0.0,33.808837891
1920x1080,True,graph_direct,stage:luminance,5,0.163711995,0.16184959699999998,0.151104003,0.167615995,0.006281393794374943,0.1661823958
1920x1080,True,graph_direct,stage:gaussian_narrow,5,0.158720002,0.156672001,0.146431997,0.160768002,0.005792620961188893,0.159948802
1920x1080,True,graph_direct,stage:gaussian_wide_and_dog,5,0.205824003,0.204390401,0.196608007,0.206847996,0.0043805145852997135,0.206847996
1920x1080,True,graph_direct,stage:dog_threshold_fused,5,0.0,0.0,0.0,0.0,0.0,0.0
1920x1080,True,graph_direct,stage:sobel_and_cell_voting,5,0.113664001,0.1138688012,0.113664001,0.114688002,0.0004579471690055509,0.1142784016
1920x1080,True,graph_direct,stage:generic_cell_voting_and_fill,5,0.0,0.0,0.0,0.0,0.0,0.0
1920x1080,True,graph_direct,stage:bright_pass_fused,5,0.0,0.0,0.0,0.0,0.0,0.0
1920x1080,True,graph_direct,stage:bloom_blur,5,3.176448107,3.1766529086,3.175424099,3.177472115,0.0008567465604511893,3.177472115
1920x1080,True,graph_direct,stage:render_and_combine,5,0.119808003,0.1202176034,0.119808003,0.120832004,0.0005608684466078533,0.120832004
1920x1080,True,graph_direct,stage:normalize_and_encode,5,0.049152002,0.0497664006,0.049152002,0.051199999,0.0009158918224352709,0.0507903986
1920x1080,True,graph_auto,total_ms,15,38.960890997,40.294172999666664,37.672586001,47.678815,3.1611267394436786,45.2028305996
1920x1080,True,graph_auto,load_ms,15,25.124474999,26.307513133333334,24.492435999,31.610831998,2.3350616319931206,30.210594201
1920x1080,True,graph_auto,conversion_ms,15,3.142267998,3.1588183334,3.084538002,3.299399998,0.05700496644163233,3.224407001
1920x1080,True,graph_auto,write_ms,15,10.727619,10.827030866466666,9.869061999,12.855665002,0.9559621760812899,12.3043084014
1920x1080,True,graph_auto,overhead_ms,15,0.000842001,0.0008106668666666666,0.000628002,0.000904001,9.320528777371459e-05,0.000902001
1920x1080,True,graph_auto,pipeline_ms,15,2.282912016,2.290653864533333,2.216415882,2.371520042,0.04555701904460038,2.3527808186
1920x1080,True,graph_auto,peak_rss_mib,15,207.640625,207.63151041666666,207.5703125,207.68359375,0.04833267988192309,207.68359375
1920x1080,True,graph_auto,device_buffer_mib,15,55.834960938,55.834960938,55.834960938,55.834960938,0.0,55.834960938
1920x1080,True,graph_auto,stage:luminance,5,0.164480001,0.1665407984,0.163583994,0.170688003,0.0035723838476869737,0.1704832014
1920x1080,True,graph_auto,stage:gaussian_narrow,5,0.158720002,0.1587199988,0.157695994,0.160768002,0.0012541420142947078,0.159948802
1920x1080,True,graph_auto,stage:gaussian_wide_and_dog,5,0.206847996,0.20664320020000002,0.205824003,0.207872003,0.0008567390305190353,0.2074624002
1920x1080,True,graph_auto,stage:dog_threshold_fused,5,0.0,0.0,0.0,0.0,0.0,0.0
1920x1080,True,graph_auto,stage:sobel_and_cell_voting,5,0.114688002,0.1144832018,0.113664001,0.114688002,0.0004579471690055509,0.114688002
1920x1080,True,graph_auto,stage:generic_cell_voting_and_fill,5,0.0,0.0,0.0,0.0,0.0,0.0
1920x1080,True,graph_auto,stage:bright_pass_fused,5,0.0,0.0,0.0,0.0,0.0,0.0
1920x1080,True,graph_auto,stage:bloom_blur,5,1.502207994,1.5204351902,1.48070395,1.566720009,0.038556049930150174,1.5626240254
1920x1080,True,graph_auto,stage:render_and_combine,5,0.120832004,0.196403201,0.119808003,0.49971199,0.16955534737169464,0.34815999560000005
1920x1080,True,graph_auto,stage:normalize_and_encode,5,0.049152002,0.0495616004,0.049152002,0.050175998,0.0005608657079950596,0.050175998
1920x1080,True,resident,execution_ms,100,2.1553760019999997,2.22442523011,2.113329001,2.677907001,0.15051787093368693,2.5036477001
1920x1080,True,resident,pipeline_ms,100,2.149760008,2.2177699184,2.107392073,2.666496038,0.14929091202919906,2.4941343309
1920x1080,True,resident,device_buffer_mib,100,55.834960938,55.834960938,55.834960938,55.834960938,0.0,55.834960938
3840x2160,False,baseline,total_ms,15,199.404718,199.6364800004,196.414484002,205.071932003,2.1336543843073206,201.7487968012
3840x2160,False,baseline,load_ms,15,98.515465003,98.74081933373333,97.216038998,103.006485,1.3928476055137522,99.488014201
3840x2160,False,baseline,conversion_ms,15,16.569840003,16.674265266933332,16.499685999,17.002609998,0.1612242266484274,16.894081801800002
3840x2160,False,baseline,write_ms,15,84.101036001,84.22038053353333,82.449444,86.259335998,1.008791348181635,85.2439182008
3840x2160,False,baseline,overhead_ms,15,0.000986997,0.0010148662666666667,0.000751998,0.001331002,0.0001509979318143448,0.0011479988
3840x2160,False,baseline,pipeline_ms,15,5.692416191,5.708704058333334,5.671936035,5.932032108,0.06398837833890814,5.727833557
3840x2160,False,baseline,peak_rss_mib,15,242.75,242.70963541666666,242.5546875,242.82421875,0.11766704955811252,242.82421875
3840x2160,False,baseline,device_buffer_mib,15,230.046508789,230.046508789,230.046508789,230.046508789,0.0,230.046508789
3840x2160,False,baseline,fresh_process_ms,3,417.4540980020538,423.9321056678212,411.6983950007125,442.64382400069735,16.458381800364887,437.60587880096864
3840x2160,False,baseline,stage:luminance,5,0.234495997,0.2349055972,0.234495997,0.236543998,0.0009158938907975066,0.2357247976
3840x2160,False,baseline,stage:gaussian_narrow,5,1.580031991,1.760512018,1.577216029,2.236416101,0.28740733097935156,2.073804855
3840x2160,False,baseline,stage:gaussian_wide,5,2.074624062,2.1198848247999997,2.064383984,2.2988801,0.10087157836303155,2.2177792548
3840x2160,False,baseline,stage:dog_threshold,5,0.376832008,0.3801087974,0.374783993,0.396288007,0.009141750585270494,0.3889151986
3840x2160,False,baseline,stage:sobel_directions,5,0.693247974,0.6934847832000001,0.693247974,0.69443202,0.0005295214688973406,0.6939584016
3840x2160,False,baseline,stage:cell_voting_and_fill,5,0.077823997,0.0835583988,0.076800004,0.107519999,0.013402278504314451,0.09564159820000001
3840x2160,False,baseline,stage:bloom_bright_pass,5,0.0,0.0,0.0,0.0,0.0,0.0
3840x2160,False,baseline,stage:bloom_blur,5,0.0,0.0,0.0,0.0,0.0,0.0
3840x2160,False,baseline,stage:render_and_combine,5,0.349184006,0.3497984048,0.349184006,0.351231992,0.0009158888596675938,0.3508224008
3840x2160,False,baseline,stage:normalize_and_encode,5,0.316415995,0.3166207968,0.312319994,0.322560012,0.003720384406816147,0.3201024052
3840x2160,False,optimized,total_ms,15,112.808255002,111.044798934,99.177866999,129.267561,9.002676749547668,117.8400184014
3840x2160,False,optimized,load_ms,15,90.017308,88.383483333,78.125829,105.083427999,7.836915540196769,93.8446323996
3840x2160,False,optimized,conversion_ms,15,5.483331002,5.547593800133333,5.425985001,6.245721001,0.2013079672874138,5.6049897998
3840x2160,False,optimized,write_ms,15,17.401262999,17.112955999933334,15.246795002,18.620304,1.1537703390717415,18.300759199599998
3840x2160,False,optimized,overhead_ms,15,0.000758,0.0007658006666666667,0.000465002,0.001231998,0.0002316845919488903,0.001065402
3840x2160,False,optimized,pipeline_ms,15,2.310048103,2.3377770582666666,2.297120094,2.725280046,0.10758259555365401,2.3257919788
3840x2160,False,optimized,peak_rss_mib,15,220.90234375,220.78645833333334,220.5546875,220.90234375,0.16963887986800674,220.90234375
3840x2160,False,optimized,device_buffer_mib,15,135.125244141,135.125244141,135.125244141,135.125244141,0.0,135.125244141
3840x2160,False,optimized,fresh_process_ms,3,356.73250000036205,356.20409366795985,338.4351450004033,373.4446360031143,17.51072599883619,370.10220880256384
3840x2160,False,optimized,stage:luminance,5,0.232288003,0.2981568038,0.226879999,0.567488015,0.15057852092578958,0.4335488082
3840x2160,False,optimized,stage:gaussian_narrow,5,0.553983986,0.5554623842,0.551935971,0.563199997,0.004422982358193247,0.5596031906
3840x2160,False,optimized,stage:gaussian_wide_and_dog,5,0.736256003,0.7397376058,0.730112016,0.757759988,0.011370537521727161,0.752025592
3840x2160,False,optimized,stage:dog_threshold_fused,5,0.0,0.0,0.0,0.0,0.0,0.0
3840x2160,False,optimized,stage:sobel_and_cell_voting,5,0.435200006,0.4354048076,0.435200006,0.436224014,0.0004579502995007302,0.4358144108
3840x2160,False,optimized,stage:generic_cell_voting_and_fill,5,0.0,0.0,0.0,0.0,0.0,0.0
3840x2160,False,optimized,stage:bright_pass_fused,5,0.0,0.0,0.0,0.0,0.0,0.0
3840x2160,False,optimized,stage:bloom_blur,5,0.0,0.0,0.0,0.0,0.0,0.0
3840x2160,False,optimized,stage:render_and_combine,5,1.410048008,1.1300863862,0.359423995,1.768447995,0.7144891946682004,1.7594367742
3840x2160,False,optimized,stage:normalize_and_encode,5,0.002048,0.0016384,0.001024,0.002048,0.00056086789888529,0.002048
3840x2160,False,graph_direct,total_ms,15,112.300692003,111.895089133,98.224674001,127.966433,8.817455923856818,122.5340197984
3840x2160,False,graph_direct,load_ms,15,89.748846002,89.39459553333333,77.669828001,104.795486003,7.705456471807617,97.9939887994
3840x2160,False,graph_direct,conversion_ms,15,5.179509003,5.1355241334,4.852601998,5.540497001,0.18162006996075694,5.2566919996
3840x2160,False,graph_direct,write_ms,15,17.379659001,17.364188067,15.32432,20.651017003,1.350850064880466,18.2509842006
3840x2160,False,graph_direct,overhead_ms,15,0.000717998,0.0007813995333333333,0.000540003,0.001243997,0.00022038338763581542,0.0011078003999999999
3840x2160,False,graph_direct,pipeline_ms,15,2.397504091,2.3227349599333333,2.046047926,2.761919975,0.20233276162694896,2.4530176642
3840x2160,False,graph_direct,peak_rss_mib,15,220.96484375,220.90494791666666,220.671875,221.078125,0.17718109936894033,221.078125
3840x2160,False,graph_direct,device_buffer_mib,15,135.125244141,135.125244141,135.125244141,135.125244141,0.0,135.125244141
3840x2160,False,graph_direct,stage:luminance,5,0.33423999,0.350924802,0.32416001,0.414784014,0.03776264193173123,0.3909760116
3840x2160,False,graph_direct,stage:gaussian_narrow,5,0.555007994,0.5545983912,0.552959979,0.55705601,0.0017134926428107834,0.5562368036
3840x2160,False,graph_direct,stage:gaussian_wide_and_dog,5,0.729088008,0.7337983966,0.727039993,0.755711973,0.012279450967800348,0.745062387
3840x2160,False,graph_direct,stage:dog_threshold_fused,5,0.0,0.0,0.0,0.0,0.0,0.0
3840x2160,False,graph_direct,stage:sobel_and_cell_voting,5,0.435200006,0.435200006,0.435200006,0.435200006,0.0,0.435200006
3840x2160,False,graph_direct,stage:generic_cell_voting_and_fill,5,0.0,0.0,0.0,0.0,0.0,0.0
3840x2160,False,graph_direct,stage:bright_pass_fused,5,0.0,0.0,0.0,0.0,0.0,0.0
3840x2160,False,graph_direct,stage:bloom_blur,5,0.0,0.0,0.0,0.0,0.0,0.0
3840x2160,False,graph_direct,stage:render_and_combine,5,0.359647989,0.5149119853999999,0.359423995,0.787455976,0.21462659488777272,0.7559167743999999
3840x2160,False,graph_direct,stage:normalize_and_encode,5,0.002048,0.0016384,0.001024,0.002048,0.00056086789888529,0.002048
3840x2160,False,graph_auto,total_ms,15,116.489508998,112.3409567998,99.290185001,121.182326999,8.050513996331373,118.9080306014
3840x2160,False,graph_auto,load_ms,15,92.577275001,88.94167839993334,76.944752,95.341006,7.054572419361101,94.7417788014
3840x2160,False,graph_auto,conversion_ms,15,5.269180998,5.3292696671333335,4.899775002,5.705863003,0.2181074335032084,5.6752674012
3840x2160,False,graph_auto,write_ms,15,17.995361999,18.069059999533334,16.094500002,20.714986,1.247496096278027,19.8727177992
3840x2160,False,graph_auto,overhead_ms,15,0.000813,0.0009487332,0.000602998,0.001382999,0.00026521321157142334,0.0012998007999999999
3840x2160,False,graph_auto,pipeline_ms,15,2.410464048,2.4647765636,2.080064058,2.772416115,0.17945920547778763,2.7554624562
3840x2160,False,graph_auto,peak_rss_mib,15,221.2109375,221.50390625,221.08984375,222.2109375,0.5200177300752676,222.2109375
3840x2160,False,graph_auto,device_buffer_mib,15,135.125244141,135.125244141,135.125244141,135.125244141,0.0,135.125244141
3840x2160,False,graph_auto,stage:luminance,5,0.333023995,0.335692799,0.326496005,0.355744004,0.011662225532377413,0.3472447988
3840x2160,False,graph_auto,stage:gaussian_narrow,5,0.555007994,0.55603199,0.551935971,0.562175989,0.003899282001625228,0.5601279974
3840x2160,False,graph_auto,stage:gaussian_wide_and_dog,5,0.729088008,0.72929281,0.728064001,0.731136024,0.0013351426231303794,0.7307264207999999
3840x2160,False,graph_auto,stage:dog_threshold_fused,5,0.0,0.0,0.0,0.0,0.0,0.0
3840x2160,False,graph_auto,stage:sobel_and_cell_voting,5,0.435200006,0.43888640419999997,0.435200006,0.453631997,0.008243036967332881,0.4462592006
3840x2160,False,graph_auto,stage:generic_cell_voting_and_fill,5,0.0,0.0,0.0,0.0,0.0,0.0
3840x2160,False,graph_auto,stage:bright_pass_fused,5,0.0,0.0,0.0,0.0,0.0,0.0
3840x2160,False,graph_auto,stage:bloom_blur,5,0.0,0.0,0.0,0.0,0.0,0.0
3840x2160,False,graph_auto,stage:render_and_combine,5,0.359423995,0.633055985,0.359423995,1.360991955,0.43679392620374236,1.1070015670000002
3840x2160,False,graph_auto,stage:normalize_and_encode,5,0.001024,0.0014336,0.001024,0.002048,0.00056086789888529,0.002048
3840x2160,False,resident,execution_ms,100,2.311624499,2.39810775017,2.199253999,2.931756001,0.16925833372319174,2.6670735018
3840x2160,False,resident,pipeline_ms,100,2.304911971,2.38298785678,2.194335938,2.734080076,0.1619445918426631,2.661375999
3840x2160,False,resident,device_buffer_mib,100,135.125244141,135.125244141,135.125244141,135.125244141,0.0,135.125244141
3840x2160,True,baseline,total_ms,15,286.623306002,297.3067224001333,282.128588002,326.156029001,18.03578965015155,323.91480240100003
3840x2160,True,baseline,load_ms,15,87.11403,90.9497657336,84.478048,101.733783003,6.521510259849911,99.4782534012
3840x2160,True,baseline,conversion_ms,15,46.520897999,46.39744793326667,45.027601,47.839569002,0.9610321024539833,47.552516599200004
3840x2160,True,baseline,write_ms,15,152.976124,159.9585236664,149.995502003,179.520895999,11.789943001670382,177.15236119940002
3840x2160,True,baseline,overhead_ms,15,0.001031,0.0009850668,0.000705998,0.001238,0.0001705504058487444,0.0011940012
3840x2160,True,baseline,pipeline_ms,15,34.59292984,34.4502187094,33.165313721,35.869632721,0.937851043788941,35.5917945864
3840x2160,True,baseline,peak_rss_mib,15,332.5078125,332.5078125,332.5078125,332.5078125,0.0,332.5078125
3840x2160,True,baseline,device_buffer_mib,15,261.687133789,261.687133789,261.687133789,261.687133789,0.0,261.687133789
3840x2160,True,baseline,fresh_process_ms,3,511.27883899971494,516.1435456660305,499.79530600103317,537.3564919973433,19.247329725817064,532.1409613978176
3840x2160,True,baseline,stage:luminance,5,0.239616007,0.240025601,0.232447997,0.249855995,0.006253948308071632,0.2457599998
3840x2160,True,baseline,stage:gaussian_narrow,5,1.576959968,1.5790079596,1.57593596,1.589247942,0.005747176302856323,1.5843327524
3840x2160,True,baseline,stage:gaussian_wide,5,2.063359976,2.0635647776,2.062335968,2.064383984,0.00085674656045103,2.064383984
3840x2160,True,baseline,stage:dog_threshold,5,0.376832008,0.3790848016,0.374783993,0.391167998,0.006807866222895574,0.385433602
3840x2160,True,baseline,stage:sobel_directions,5,0.694271982,0.6940671803999999,0.693247974,0.694271982,0.00045795029950068054,0.694271982
3840x2160,True,baseline,stage:cell_voting_and_fill,5,0.076800004,0.077004801,0.075776003,0.077823997,0.0008567368791020421,0.077823997
3840x2160,True,baseline,stage:bloom_bright_pass,5,0.250880003,0.2533376008,0.247807994,0.267264009,0.007885470016989433,0.2607104066
3840x2160,True,baseline,stage:bloom_blur,5,27.231231689,27.6539710998,27.120800018,29.444095612,1.0019622616991553,28.5655036928
3840x2160,True,baseline,stage:render_and_combine,5,0.370687991,0.3710976002,0.369664013,0.372736007,0.0011675395476364735,0.3723264038
3840x2160,True,baseline,stage:normalize_and_encode,5,0.302080005,0.302694404,0.301055998,0.305151999,0.0015529728909533568,0.3043328046
3840x2160,True,optimized,total_ms,15,142.425735999,140.7065999334,125.904943999,148.637316,6.704617049983731,147.22851159980002
3840x2160,True,optimized,load_ms,15,88.548376001,87.4038269334,77.943595,93.051690999,4.856633076121509,92.55442780199999
3840x2160,True,optimized,conversion_ms,15,17.893938001,17.896747799933333,17.121974003,18.641591001,0.3676259152330975,18.2776320002
3840x2160,True,optimized,write_ms,15,35.868795,35.405333600266665,29.647530999,38.897889003,2.853419060860727,38.3446416006
3840x2160,True,optimized,overhead_ms,15,0.000633001,0.0006915998,0.000477999,0.001035001,0.00017938471260482117,0.0009506002
3840x2160,True,optimized,pipeline_ms,15,14.662912369,14.711123212133334,13.965151787,15.443776131,0.35844669122257694,15.1008001326
3840x2160,True,optimized,peak_rss_mib,15,332.5078125,332.5078125,332.5078125,332.5078125,0.0,332.5078125
3840x2160,True,optimized,device_buffer_mib,15,135.126708984,135.126708984,135.126708984,135.126708984,0.0,135.126708984
3840x2160,True,optimized,fresh_process_ms,3,362.3393080015376,358.59157600134495,347.33474100357853,366.10067899891874,9.92845549771913,365.3484047994425
3840x2160,True,optimized,stage:luminance,5,0.232736006,0.240332803,0.227487996,0.25958401,0.014979844014142402,0.2570496084
3840x2160,True,optimized,stage:gaussian_narrow,5,0.555007994,0.5583359956,0.554239988,0.571392,0.007326255949666986,0.5652480008
3840x2160,True,optimized,stage:gaussian_wide_and_dog,5,0.729088008,0.7293120143999999,0.728160024,0.730112016,0.0008227157370834597,0.730112016
3840x2160,True,optimized,stage:dog_threshold_fused,5,0.0,0.0,0.0,0.0,0.0,0.0
3840x2160,True,optimized,stage:sobel_and_cell_voting,5,0.435200006,0.43560960919999997,0.435200006,0.436224014,0.0005608722806657615,0.436224014
3840x2160,True,optimized,stage:generic_cell_voting_and_fill,5,0.0,0.0,0.0,0.0,0.0,0.0
3840x2160,True,optimized,stage:bright_pass_fused,5,0.0,0.0,0.0,0.0,0.0,0.0
3840x2160,True,optimized,stage:bloom_blur,5,12.068863869,12.076851082,11.454463959,13.289471626,0.748575516946638,12.818841361999999
3840x2160,True,optimized,stage:render_and_combine,5,0.386047989,0.3856383978,0.385024011,0.386047989,0.0005608558489890146,0.386047989
3840x2160,True,optimized,stage:normalize_and_encode,5,0.167935997,0.1679552016,0.166912004,0.169055998,0.0010486031028059675,0.1690176008
3840x2160,True,graph_direct,total_ms,15,142.357920002,140.9954228672,129.219229002,150.927981,5.955080831475071,147.4085144016
3840x2160,True,graph_direct,load_ms,15,88.272696998,87.97711000073333,79.635919001,94.422727,3.9749862368492055,92.7654475998
3840x2160,True,graph_direct,conversion_ms,15,17.838841997,17.790340266333335,16.836107001,19.118358001,0.5557054987559669,18.198113202200002
3840x2160,True,graph_direct,write_ms,15,35.717052002,35.2271894664,30.497773997,41.012247,2.6591470901157668,37.199569397
3840x2160,True,graph_direct,overhead_ms,15,0.00073,0.0007831337333333334,0.000519,0.001140002,0.00020029595420472415,0.0010677984
3840x2160,True,graph_direct,pipeline_ms,15,15.005087852,14.957126426666667,14.015839577,16.314975739,0.557827476578283,15.3496961596
3840x2160,True,graph_direct,peak_rss_mib,15,332.5078125,332.5078125,332.5078125,332.5078125,0.0,332.5078125
3840x2160,True,graph_direct,device_buffer_mib,15,135.126708984,135.126708984,135.126708984,135.126708984,0.0,135.126708984
3840x2160,True,graph_direct,stage:luminance,5,0.332159996,0.3311551988,0.326496005,0.337951988,0.0047030451796323085,0.33568639159999997
3840x2160,True,graph_direct,stage:gaussian_narrow,5,0.565248013,0.5666816,0.55705601,0.578559995,0.008826619839568157,0.5761024002
3840x2160,True,graph_direct,stage:gaussian_wide_and_dog,5,0.729088008,0.7335936068,0.728064001,0.751616001,0.010100811212414537,0.743014407
3840x2160,True,graph_direct,stage:dog_threshold_fused,5,0.0,0.0,0.0,0.0,0.0,0.0
3840x2160,True,graph_direct,stage:sobel_and_cell_voting,5,0.435200006,0.4354048076,0.435200006,0.436224014,0.0004579502995007302,0.4358144108
3840x2160,True,graph_direct,stage:generic_cell_voting_and_fill,5,0.0,0.0,0.0,0.0,0.0,0.0
3840x2160,True,graph_direct,stage:bright_pass_fused,5,0.0,0.0,0.0,0.0,0.0,0.0
3840x2160,True,graph_direct,stage:bloom_blur,5,12.798975945,13.1235839844,12.282879829,14.466048241,0.8626404798304806,14.060134696999999
3840x2160,True,graph_direct,stage:render_and_combine,5,0.386047989,0.386047995,0.385024011,0.387071997,0.0007240723942341683,0.3866623938
3840x2160,True,graph_direct,stage:normalize_and_encode,5,0.168960005,0.1697792022,0.166912004,0.174079999,0.0031892272428299478,0.173260799
3840x2160,True,graph_auto,total_ms,15,120.612553,123.3301420672,118.840485003,152.669994999,8.823352186944142,129.23159660099998
3840x2160,True,graph_auto,load_ms,15,78.897138998,80.28208926719999,77.133867998,100.64838,5.83888122407902,82.0913142022
3840x2160,True,graph_auto,conversion_ms,15,10.964382999,10.921454066533334,10.313951999,11.513843998,0.37276377125203713,11.3410580014
3840x2160,True,graph_auto,write_ms,15,30.72648,32.1257979996,29.989693999,41.694010001,3.452741361133259,36.345228399999996
3840x2160,True,graph_auto,overhead_ms,15,0.000714999,0.0008007337333333334,0.000488002,0.001417998,0.00023905842091913928,0.001093799
3840x2160,True,graph_auto,pipeline_ms,15,8.171392441,8.093339665733334,7.483551979,8.713952065,0.3699754859890798,8.523999595600001
3840x2160,True,graph_auto,peak_rss_mib,15,332.5078125,332.5078125,332.5078125,332.5078125,0.0,332.5078125
3840x2160,True,graph_auto,device_buffer_mib,15,210.200439453,210.200439453,210.200439453,210.200439453,0.0,210.200439453
3840x2160,True,graph_auto,stage:luminance,5,0.334912002,0.338688004,0.330240011,0.360799998,0.012580372548380183,0.3508544028
3840x2160,True,graph_auto,stage:gaussian_narrow,5,0.559104025,0.576921606,0.552959979,0.649215996,0.04076497238365828,0.6164480088000001
3840x2160,True,graph_auto,stage:gaussian_wide_and_dog,5,0.729088008,0.7301120044,0.728064001,0.735231996,0.0029854446261922676,0.733184004
3840x2160,True,graph_auto,stage:dog_threshold_fused,5,0.0,0.0,0.0,0.0,0.0,0.0
3840x2160,True,graph_auto,stage:sobel_and_cell_voting,5,0.436224014,0.436224014,0.436224014,0.436224014,0.0,0.436224014
3840x2160,True,graph_auto,stage:generic_cell_voting_and_fill,5,0.0,0.0,0.0,0.0,0.0,0.0
3840x2160,True,graph_auto,stage:bright_pass_fused,5,0.0,0.0,0.0,0.0,0.0,0.0
3840x2160,True,graph_auto,stage:bloom_blur,5,5.340159893,5.6287231445999995,5.239808083,6.364160061,0.49577804372269946,6.186803150199999
3840x2160,True,graph_auto,stage:render_and_combine,5,0.386047989,0.3883008002,0.385024011,0.399360001,0.006203445289975673,0.3940351962
3840x2160,True,graph_auto,stage:normalize_and_encode,5,0.166912004,0.16588799939999999,0.163839996,0.167935997,0.0019157309873825792,0.1675263998
3840x2160,True,resident,execution_ms,100,7.992579,8.13116280987,7.545341,10.466887999,0.4984726232758434,8.6908361999
3840x2160,True,resident,pipeline_ms,100,7.9595520495,8.05179039001,7.539616108,9.776127815,0.4238089972173186,8.5079039577
3840x2160,True,resident,device_buffer_mib,100,210.200439453,210.200439453,210.200439453,210.200439453,0.0,210.200439453
